appid,name,genres,release_date,is_free,price,developers,publishers
1190590,Ice Cream Fantasy,,"22 Nov, 2019",False,"₩ 1,100",Rafael Farias,Fiassink Games
625340,XERA: Survival,"Action, Adventure","26 Sep, 2021",True,,Spotted Kiwi Interactive,Spotted Kiwi Interactive
842140,Kitten'd,Adventure,"20 Jun, 2019",False,"₩ 15,500",Star Vault AB,Star Vault AB
1151650,Shard,,"4 Oct, 2019",False,"₩ 1,100",Riyko Games,Riyko Games
565080,Negligee: Spring Clean Prelude,"Adventure, RPG","6 Aug, 2021",True,,Dharker Studios,Dharker Studios
1138260,Figure Simulator War,Action,"26 Oct, 2019",False,"₩ 10,500",H-GIRL,H-GIRL
1105410,Shine's Adventures 2 (Zombie Attack),"Action, Adventure, RPG","27 Sep, 2019",False,"₩ 3,300",ShineProject,ShineProject
927370,DoC God Mode Edition,"Adventure, RPG","4 Sep, 2018",False,"₩ 26,000",Volker Elzner,Volker Elzner
1235810,Retro,Action,"27 Feb, 2020",False,"₩ 5,500",Matthew Bridgeman,Matthew Bridgeman
414700,Outlast 2,"Action, Adventure","24 Apr, 2017",False,"₩ 21,500",Red Barrels,Red Barrels
1342100,Evening Starter,"Action, Adventure, RPG","18 Jun, 2021",False,"₩ 15,500",baron sengia,Kagura Games
1393490,CheeseCube,"Action, Adventure","16 Jul, 2021",False,"₩ 4,500",Germie,Germie
1003950,Right to Rule,"Action, Adventure, RPG",To be announced,False,,Frostbox Studios,Frostbox Studios
1446900,Fallen Tear: The Ascension,"Action, Adventure, RPG",Q1 2026,False,,Winter Crew Studios,CMD Studios
252010,Oniken: Unstoppable Edition,Action,"5 Feb, 2014",False,"₩ 5,600",JoyMasher,JoyMasher
1399140,Boxing Coach,,"15 Oct, 2020",False,"₩ 10,500",Yiku studio,Yiku studio
577290,Drunk or Dead,Action,"10 Jan, 2017",False,"₩ 6,700",4 I Lab,4 I Lab
278810,LA Cops,"Action, Adventure","13 Mar, 2015",False,"₩ 5,630",Modern Dream,Team17 Digital Ltd
762670,Astro Joust,Action,"28 Mar, 2018",False,"₩ 1,100",Mutant Entertainment Studios,Mutant Entertainment Studios
1209870,The Gladhollow Nasties,Adventure,Coming soon,False,,Novel Creatures,Novel Creatures
782700,Jerry and the mystery loot box,Adventure,"31 Jan, 2018",False,"₩ 2,300",Desdres,Casioqum
1075740,Banners of Ruin,RPG,"29 Jul, 2021",False,"₩ 20,500",MonteBearo,"Goblinz Publishing, Maple Whispering Limited"
1371810,Bamerang: Warm-Up Duel,Action,"12 Aug, 2020",True,,Lululu Entertainment,Lululu Entertainment
1440340,Cannon Foundry Simulator,,To be announced,False,,Orbital Fireworks, PlayWay S.A.
1508030,Object N,Action,"13 Jan, 2021",True,,KleskBY,KleskBY
660730,Ventura Inc,,"1 Jun, 2018",False,"₩ 19,500",Ben Strijbos,Ben Strijbos
307570,A Golden Wake,Adventure,"9 Oct, 2014",False,"₩ 2,100",Grundislav Games,Grundislav Games
1531680,修真之路,,"6 Feb, 2021",True,,游韵游戏网络公司,游韵游戏网络公司
472870,Higurashi When They Cry Hou - Ch.3 Tatarigoroshi,Adventure,"17 Jun, 2016",False,"₩ 8,500",07th Expansion,MangaGamer
811360,Archibald,Adventure,"7 Mar, 2018",False,"₩ 2,300",azimuth team,azimuth team
1031270,Farming Life,Adventure,"18 Oct, 2021",False,₩ 880,▲ Pyramid Games,"Gaming Factory, Ultimate Games S.A."
505660,The Crystal Nebula,Action,"27 Jul, 2016",False,"₩ 2,200",Tristan Hodges,Tristan Hodges
1192500,GraFi Christmas,Adventure,"22 Nov, 2019",False,"₩ 2,300",Blender Games,Blender Games
709790,The Red Front,Action,"5 Oct, 2017",False,"₩ 1,100",10ft Games,10ft Games
1028860,Star Chef: Cooking & Restaurant Game,,"3 Apr, 2019",True,,99Games Online Pvt. Ltd.,99Games Online Pvt. Ltd.
1137160,百花三国志(Banner of the THREE KINGDOMS),RPG,"2 May, 2023",False,"₩ 7,500",Flying Star Games,Flying Star Games
1015650,The Virtual Reality Museum of Immersive Experiences,,"20 Feb, 2019",True,,Volker Kuchelmeister,http://kuchelmeister.net
1458900,Meridian 157: Prologue,Adventure,"9 Dec, 2020",True,,NovaSoft Interactive Ltd.,NovaSoft Interactive Ltd.
984260,Tora,"Action, Adventure, RPG","3 Jan, 2019",False,"₩ 1,100",Medusa,Medusa
385350,Deadweight,Action,"22 Apr, 2016",False,"₩ 4,500",DK VIP Lounge,DK VIP Lounge
1234590,Class Kingdom,RPG,"22 Feb, 2020",False,"₩ 13,500",Yehonatan Sitbon,Yehonatan Sitbon
889240,Loot Box Simulator,,"27 Jul, 2018",True,,Clickbait Studios,Clickbait Studios
1054190,Parkour Bot,Action,Q1 2026,False,,Tombas Tomáš Basovnik,Tombas Tomáš Basovnik
254820,Ground Control Anthology,,"8 Jul, 2015",False,"₩ 5,600",Massive Entertainment,Rebellion
669440,IKAROS,Adventure,"2 Sep, 2017",True,,Studio Mori,Studio Mori
1463900,Pretty Girls and Dark Witch. A simple story,Adventure,"25 Dec, 2020",False,"₩ 3,400",Salangan Games,Cuties Logic
1272530,Looking Glass,,"1 May, 2020",False,"₩ 1,100",Wakeless Studio,Wakeless Studio
1280300,Steel Assault,Action,"28 Sep, 2021",False,"₩ 15,500",Zenovia Interactive,Tribute Games Inc.
1389140,Jury Trial,RPG,2026,False,,Loge Games,Loge Games
61600,Zen Bound 2,,"16 Nov, 2010",False,"₩ 5,600",Secret Exit Ltd.,Secret Exit Ltd.
448170,Last Dream: World Unknown,RPG,"1 Jun, 2017",False,"₩ 3,300",White Giant RPG Studios,White Giant RPG Studios
1437950,Queen's Revolution ~ the romance in upheavals ~,RPG,Coming soon,False,,Shoen Project,Shoen Project
1045120,Brunch Club,,"29 Aug, 2019",False,"₩ 13,500",Foggy Box Games,Yogscast Games
410050,The Forgotten Forest,Adventure,"11 Nov, 2015",False,"₩ 1,100",Dylan Wentz,Dylan Wentz
1514580,Short Stories,"Action, Adventure","16 Apr, 2021",False,"₩ 3,400",One Guy Productions,One Guy Productions
360040,Our Nation's Miner,RPG,"22 Dec, 2015",False,"₩ 6,500",Curtis Holt,Curtis Holt
512180,Nightshade／百花百狼,Adventure,"11 Apr, 2017",False,"₩ 38,000","Red Entertainment, LANTERN ROOMS",D3PUBLISHER
1108780,The Pirate Queen,Action,"21 Dec, 2019",False,"₩ 3,300",Cyberfox Studios,Cyberfox Studios
1368830,回纹战棋,RPG,"1 Aug, 2020",False,"₩ 1,100",都要恰饭的,都要恰饭的
1494580,Refuge For Troubles. Episode 1: Dear Stranger,Adventure,"21 Jan, 2021",False,"₩ 3,300","Victor Hirut, Sally Hirut",HIRUT STUDIO
1040420,Dreamscaper,"Action, Adventure, RPG","5 Aug, 2021",False,"₩ 5,400",Afterburner Studios,"indie.io, Maple Whispering Limited"
893150,Fury Strike,Action,"17 Aug, 2018",True,,Fury Strike Team,Incendiary Entertainment Division
1355420,Pixboy,"Action, Adventure","7 Aug, 2020",False,"₩ 5,500",Oaky Games,Oaky Games
1276740,Protodroid DeLTA,"Action, Adventure","25 May, 2023",False,"₩ 20,500",Adam Kareem,Humble Games
434370,Buried: An Interactive Story,Adventure,"22 Jan, 2016",False,"₩ 3,300",Bromoco Games,Bromoco Games
587010,EZRA: The Stranger,Adventure,"4 Feb, 2017",False,"₩ 10,500",Foremost Games,Foremost Games
1238330,Frontline: Panzer Blitzkrieg!,Action,"6 Mar, 2020",False,"₩ 10,500",Frontline: Games Series,Frontline: Games Series
1338130,Popo's Tower,"Action, Adventure","10 Jun, 2020",False,"₩ 1,650",Sokpop Collective,Sokpop Collective
870430,Debit And Credit:A Walk Through Accounting Hell,,"18 Jun, 2018",True,,sniperoncall,sniperoncall
1378840,Learn Spanish VR,,"17 Sep, 2020",True,,Ricardo Alonso Pina,Ricardo Alonso Pina
251170,Damned,Adventure,"6 Oct, 2014",False,"₩ 9,900",9heads Game Studios,9heads Game Studios
1011260,Settlement Zero,"Action, Adventure","6 Feb, 2019",False,"₩ 15,500",Blueinca Studios,Blueinca Studios
33950,Fish Fillets 2,,"5 Nov, 2010",False,"₩ 5,900",Altar Games,Bohemia Interactive
1356080,Hot-air VR Balloon trip over Russian Primorye,Adventure,"7 Jul, 2020",True,,VIRTUAL REALITY LABORATORY DV,VIRTUAL REALITY LABORATORY DV
1062690,Astronomy VR,,"29 May, 2019",False,"₩ 10,500",MCQE,MCQE
818760,Woodways,,"2 Apr, 2018",True,,Sen Games,Sen Games
1001240,VR Flight Simulator New York - Cessna,,"5 Jan, 2019",False,"₩ 20,500",Thetis Games,Thetis Games
257770,Signal Ops,Action,"18 Nov, 2013",False,"₩ 1,100",Space Bullet Dynamics Corporation,Space Bullet Dynamics Corporation
272230,Sub Rosa,Action,"25 Mar, 2021",False,"₩ 21,500",Cryptic Sea,Devolver Digital
1217050,Shaolin vs Wutang 2,Action,"14 Jun, 2023",False,"₩ 17,500",J.Bowman,J.Bowman
1313330,HEDE Game Engine,"Action, Adventure, RPG","10 Jun, 2020",False,"₩ 210,000","Hede, HEDE Game Engine",Hede
457960,Holopoint,Action,"4 Apr, 2016",False,"₩ 12,500","Alzan Studios, LLC","Alzan Studios, LLC"
393600,Robot Exploration Squad,"Action, Adventure","16 Sep, 2015",False,"₩ 3,300",Jack Dolabany,DolaSoft
1302540,Diamond Giza,Adventure,Coming soon,False,,Extend Mode,Extend Mode
1301910,Winner's Break,RPG,Coming soon,False,,致意,致意
511470,Glass Masquerade,,"18 Nov, 2016",False,"₩ 5,600",Onyx Lute,Onyx Lute
1445240,Tempo,Action,"1 Nov, 2021",True,,"Aestronauts, Noah Maestre",Aestronauts
1171440,Hentai Halloween,,"28 Oct, 2019",False,"₩ 1,100",IR Studio,IR Studio
554770,Heavily Armed,"Action, Adventure, RPG","16 Jun, 2017",False,"₩ 5,600","Figurehead Studios, CRASS Studios",CRASS Infotech
1177250,Speak Lies,Adventure,Coming soon,False,,The Silent Clowns,The Silent Clowns
1095280,Covid 2069,"Action, Adventure","13 Jun, 2020",False,"₩ 4,400",PalfreyGames,PalfreyGames
406870,Eventide: Slavic Fable,Adventure,"28 Jan, 2016",False,"₩ 16,500",The House of Fables,Artifex Mundi
1117600,Day of vaccination,"Action, Adventure, RPG","30 Nov, 2020",False,"₩ 13,500",Pixel Fun Games Production,Pixel Fun Games Production
1203840,Whacky Golf,Action,Coming soon,False,,Cameron Darragh,Cameron Darragh
1264520,Vibrant Venture,Adventure,"24 Jul, 2020",False,"₩ 7,750",Semag Games,Semag Games
671330,Lit the Torch,Adventure,"2 Aug, 2017",False,"₩ 1,100",Corn Entertainment,IceSimba
1282270,Strinova,Action,"21 Nov, 2024",True,,iDreamSky,iDreamSky
11370,Nikopol: Secrets of the Immortals,Adventure,"30 Jul, 2009",False,"₩ 1,120",,Meridian4
344850,Big Pharma,,"27 Aug, 2015",False,"₩ 27,000",Twice Circled,Positech Games
1329240,Spirit Clash,,"1 Mar, 2021",True,,Koltiro Games,Koltiro Games LLC
489370,Quarantine,RPG,"24 May, 2017",False,"₩ 2,100",Sproing,505 Games
1449060,RUNDOM,Action,"1 Feb, 2021",False,"₩ 10,500",mrcq,mrcq
273740,Extreme Roads USA,,"6 Jun, 2014",False,"₩ 5,600",United Independent Entertainment,United Independent Entertainment
1345150,Mushroom Challenge,"Action, Adventure","23 Jul, 2020",False,"₩ 210,000",Hede,Hede
867110,Dungeon Rankers,RPG,"23 Jul, 2018",False,"₩ 3,300",Dead Fish Eye,Dead Fish Eye
1518910,Fun Forbidden,Adventure,Coming soon,False,,Moonleaf studio,Moonleaf studio
1002270,PiiSim,Action,"20 May, 2019",False,"₩ 1,100",Koker_007,Koker_007
1352300,Jubeez,,"7 Jul, 2020",False,"₩ 1,100",TheDollarGameStore,TheDollarGameStore
1318190,Gladiators Manager,"Action, Adventure",To be announced,False,,"Ancient Games, Gambit Games",Creative Forge
1181000,UBERMOSH:OMEGA,Action,"8 Nov, 2019",False,₩ 550,Walter Machado,Walter Machado
3410,Heavy Weapon Deluxe,,"30 Aug, 2006",False,"₩ 1,000","PopCap Games, Inc.","PopCap Games, Inc."
817630,Island Tribe 3,Adventure,"22 Mar, 2018",False,"₩ 5,500",Qumaron,Qumaron
819030,STEINS;GATE ELITE,Adventure,"19 Feb, 2019",False,,MAGES. Inc.,"Spike Chunsoft Co., Ltd."
1399380,NUI,Action,"17 Sep, 2020",False,"₩ 3,300",DavidPixel,DavidPixel
931360,Land of Puzzles: Battles,,"8 Sep, 2018",False,"₩ 5,600",Ripknot Systems,Ripknot Systems
416340,Viking Saga: New World,Adventure,"5 Nov, 2015",False,"₩ 4,400",Qumaron,Qumaron
248530,Depth Hunter 2: Deep Dive,"Action, Adventure","20 Aug, 2014",False,"₩ 4,950",Biart Company LLC,Biart Company LLC
708580,The Exorcist: Legion VR - Chapter 1: First Rites,"Action, Adventure","22 Nov, 2017",False,"₩ 5,500",Wolf & Wood Interactive Ltd,"LegionVR, LLC, Fun Train"
742420,Saints Row,"Action, Adventure","24 Aug, 2023",False,"₩ 30,400",Volition,Deep Silver
362020,Queen At Arms,"Adventure, RPG","3 Feb, 2016",False,"₩ 27,000",Aqualuft Games,Aqualuft Games
1398740,The Chrono Jotter,Adventure,"25 Aug, 2021",False,"₩ 12,500",Orca Layout,"2P Games, Orca Layout"
1450750,Deva｜The Haunted Game,Action,"3 May, 2021",False,"₩ 18,500",ViserionStudio,ViserionStudio
614140,Illusoria,Adventure,"30 May, 2017",False,"₩ 1,100",Under The Bridge,BadLand Publishing
551570,Sarab: Duji Tower,"Adventure, RPG","17 Nov, 2016",False,"₩ 2,200",Abdulla Hassan Al-Farsi,Abdulla Hassan Al-Farsi
307210,Will Fight for Food: Super Actual Sellout: Game of the Hour,"Action, RPG","22 Apr, 2015",False,"₩ 5,600",Pyrodactyl,Pyrodactyl
922140,"Oh, you touch my balls ( ͡° ͜ʖ ͡°)",,"10 Oct, 2018",False,"₩ 1,100",Easy game,Game for people
592030,Just In Time Incorporated,Action,"27 Jul, 2017",False,"₩ 5,500",Second Wind Interactive,Second Wind Interactive
796350,NatureFly,Adventure,"18 Feb, 2018",False,₩ 820,John's Project,John's Project
1301340,Super Blood Warriors,Action,Coming soon,False,,"Nick Backus, Noah Backus","Nick Backus, Noah Backus"
1253030,Cubecois,,"17 Jun, 2020",True,,9 Squad LTD,9 Squad LTD
727530,Expelled,"Action, Adventure","1 Nov, 2017",False,"₩ 5,600","Whited43, Fantsize",Conglomerate 5
1341820,As Dusk Falls,Adventure,"19 Jul, 2022",False,"₩ 7,470",INTERIOR/NIGHT,Xbox Game Studios
329440,Sonic Lost World,Adventure,"2 Nov, 2015",False,"₩ 8,700",Sonic Team,SEGA
1384500,The Owl Quest,Adventure,"18 Aug, 2020",False,"₩ 2,270",Biscay JPh,Biscay JPh
772940,Mori and the Whisper,Adventure,Coming soon,False,,Crystal Realms Entertainment,Crystal Realms Entertainment
893610,Skautfold: Into the Fray,"Action, RPG","5 Dec, 2018",False,"₩ 11,000",Steve Gal,Pugware
438790,Random Access Murder,Action,"5 Aug, 2016",False,"₩ 6,700",Team Murder,Team Murder
1341980,Coronavirus - Nano Force,Action,"25 Jun, 2020",True,,Daniel Snow,Daniel Snow
1261630,Mindframe: The Secret Design Collector's Edition,Adventure,"6 Mar, 2020",False,"₩ 10,500",Mad Head Games,Big Fish Games
823210,Lunar Soil,"Adventure, RPG",To be announced,False,,Morgondag,Morgondag
474210,BUTCHER,"Action, Adventure","5 Oct, 2016",False,"₩ 10,500","Phobia Game Studio, Transhuman Design",Crunching Koalas
310830,Retrobooster,Action,"11 Jul, 2014",False,"₩ 16,500",Really Slick,Really Slick
469710,Shattered Throne,,"28 Nov, 2016",False,"₩ 5,600",Checkmark Games,Checkmark Games
497380,Rise,,"26 Jul, 2016",False,"₩ 17,400",Creative Assembly,War Child Gaming
1339620,Action SuperCross,,"17 Jun, 2020",False,"₩ 3,300","Elasto Mania Team, Balazs Rozsa",Elasto Mania Team
586340,Lamm,Action,"9 Feb, 2017",False,"₩ 1,100",Léo-Games,Léo-Games
1496350,Hamster Logic 3D,,"26 Jun, 2021",False,"₩ 1,100",Shoho Games,Shoho Games
1185820,Hollow Island,,"29 Jan, 2020",False,"₩ 11,000",Edym Pixels,Edym Pixels
1302730,Nebula Within,Action,"20 Oct, 2020",True,,Nick Oueijan,Strafe Studios
843660,Rogue Agent,,"29 Apr, 2018",True,,Jorge Aires,
1275180,Hunter X - Begin,Action,"16 Apr, 2020",False,"₩ 2,300",Goldfish Inc.,Goldfish Inc.
957570,The Qaedon Wars - The Story Begins,RPG,"12 Sep, 2019",False,"₩ 6,000",Ian C Pook,Paphian Games
807570,Volotic,,"9 Mar, 2018",False,"₩ 10,500",Scott Garner,Scott Garner
1132300,Ribbon,,"30 Aug, 2019",False,"₩ 2,200",Evade Game,Evade Game
1253110,System Invaders,Action,"27 Mar, 2020",True,,Prisma Games L.L.C.,Prisma Games L.L.C.
1124710,IS -Infinite Stratos- Versus Colors,Action,"5 Aug, 2019",False,"₩ 42,000",PROJECT YNP,PROJECT YNP
788870,In The Long Run The Game,"Action, Adventure","2 Jul, 2018",False,"₩ 10,500",Zerstoren Games,Zerstoren Games
1229510,Hentai Seek Girl,Adventure,"3 Feb, 2020",False,"₩ 2,200",HoneyGame,HoneyGame
1518120,Dystopians,,Coming soon,False,,Space Boat Studios,PlayWay S.A.
566490,Keen: One Girl Army,,"25 Jun, 2020",False,"₩ 5,500",Cat Nigiri,"Phoenixx Inc., 2P Games"
762480,Chinese inn,,"11 Jan, 2018",False,"₩ 8,500",ChaoYe Liu,Happy Home Company
333210,Kaiju-A-GoGo,Action,"23 Apr, 2015",False,"₩ 4,500",Kerberos Productions Inc.,Kerberos Productions Inc.
454900,Amaranthine,Action,"6 Apr, 2016",False,"₩ 3,400",Roman Kozhukhov,Roman Kozhukhov
419520,Lifeless,Action,"16 Jun, 2016",True,,Desync Donkeys,Desync Donkeys
1435540,Yachu Dice,,"22 Oct, 2020",False,"₩ 5,500",desigNULL,desigNULL
730760,Go! Go! Radio : 8-Bit Edition,Action,"29 Nov, 2017",False,"₩ 1,100",Bacq Stellan,
1108170,Plot of the Druid,Adventure,"1 Nov, 2022",False,"₩ 7,750","Yakir Israel, Adventure4Life Studios","Yakir Israel, Adventure4Life Studios"
514080,Deadly Dozen,"Action, Adventure","26 Jan, 2017",False,"₩ 4,720",N-Fusion Interactive,Ziggurat
1020050,Startup Valley Adventure,Adventure,"30 Jul, 2020",False,"₩ 7,500",Fair Games Studio,"Fair Games Studio, Pleasant Rain Ltd"
1238220,UNNAMED,Adventure,"2 Mar, 2020",False,"₩ 1,100",H3Soft,H3Soft
411830,SENRAN KAGURA SHINOVI VERSUS,Action,"1 Jun, 2016",False,"₩ 8,200",Tamsoft,"XSEED Games, Marvelous USA, Inc., Marvelous"
904960,Cine Tracer,,"28 Sep, 2018",False,"₩ 92,000",Matt Workman,Cinematography Database
1531490,Harmony's Odyssey,Adventure,"19 Oct, 2022",False,"₩ 15,500",MythicOwl,"MythicOwl, Neverland Entertainment"
494380,VR Boxing Workout,,"10 Jul, 2016",False,"₩ 1,920",Wenkly Studio,Wenkly Studio
1377410,Bountiful Life,,Coming Soon,False,,Alcinous Studios LLC,Alcinous Studios LLC
660320,M.A.C.E. Tower Defense,Action,"16 Jul, 2017",False,"₩ 3,400",EntwicklerX,EntwicklerX
846050,Silent Depth 3D Submarine Simulation,,"20 Aug, 2018",False,"₩ 11,000",Codeknitters,Codeknitters
1294720,Balloon Blast,Action,"5 Apr, 2021",True,,Leland Wilson,Leland Wilson
1239990,Dantes Bullet Inferno,Action,"19 Feb, 2020",False,"₩ 2,200",Red Pentagram Studios,Red Pentagram Studios
1018640,Pixel Happy Game Girls,,"16 Dec, 2022",True,,Pixel Happy Projects,Pixel Happy Projects
1110910,Mortal Shell,"Action, RPG","18 Aug, 2021",False,"₩ 30,000",Cold Symmetry,Playstack
42940,Elven Legacy: Siege,,"17 Nov, 2009",False,"₩ 2,300",1C:InoCo,Fulqrum Publishing
719590,Mesozoica,"Action, Adventure","2 Jan, 2018",False,"₩ 1,100","Underdog Interactive, Squadron Interactive, DreamInCode B.V.",Underdog Interactive
636560,Runewards: Strategy Card Game,RPG,"13 Feb, 2018",True,,ReaverGames,
449340,Serafina's Crown,Adventure,"15 Mar, 2016",False,"₩ 8,500",Woodsy Studio,Thesis Games
516810,The Garden,"Action, Adventure, RPG","6 Sep, 2016",False,"₩ 1,100",Pug & Dragon,Pug & Dragon
520660,Wrack: Exoverse,"Action, Adventure","10 Sep, 2019",False,"₩ 15,500",Final Boss Entertainment,Final Boss Entertainment
840440,Good Boy!,"Action, Adventure","2 May, 2018",False,"₩ 11,000",FastGame,FastGame
1476330,古龙传说,RPG,"12 Dec, 2020",True,,"温小雨, 畅玩网络","温小雨, 畅玩网络"
1128330,Celestial,,"17 Sep, 2019",False,"₩ 2,200",Conor Davis,Conor Davis
747200,Keplerth,"Adventure, RPG","23 May, 2022",False,"₩ 15,500",TARO,Gamirror Games
990940,Full Of Love,Adventure,"11 Apr, 2019",False,"₩ 1,100",Folo Studio,Folo Studio 
498460,Abduction Prologue: The Story Of Jonathan Blake,"Action, Adventure","11 Apr, 2018",False,"₩ 2,300",Red Iron Labs,Red Iron Labs
486660,Super Mixtape,,"24 Oct, 2016",False,"₩ 13,500",Polygrammatic Limited,Polygrammatic Limited
619490,Fear of Clowns,"Action, Adventure","29 Apr, 2017",False,"₩ 1,100",Mikhail Nevsky,Mikhail Nevsky
861270,Sudoku Killer / 杀手数独,,"19 Oct, 2018",False,"₩ 3,400",Konstructors,Hook Games
1320810,Externus: Path of the Solari,RPG,Coming soon,False,,Winterborn,Winterborn
