appid,name,publisher_main,Selected_Genre,game_revenue,publisher_revenue,peak_players,adjusted_rating,owners_midpoint,total_score
42990,Sword of the Stars II: Enhanced Edition,Paradox Interactive,4X,$385k ($221.7k - $548.3k),$1.1b,932.0,44.49,350000.0,0.4612808974988864
2118810,Breachway,Hooded Horse,4X,$809.2k ($571.7k - $1m),$205m,969.0,74.07,75000.0,0.461207308983405
1356810,Hexarchy,Yogscast Games,4X,$1.2m ($772k - $1.7m),$37.9m,630.0,84.26,75000.0,0.4565972737872673
1623070,Master of Magic,Slitherine Ltd.,4X,$1.4m ($772.6k - $2.1m),$97.4m,732.0,71.05,75000.0,0.454284649383705
499660,Medieval Kingdom Wars,indie.io,4X,$2.2m ($1.5m - $2.9m),$36.8m,544.0,77.09,75000.0,0.4535595491693276
659540,Warsim: The Realm of Aslona,Huw Millward,4X,$256.1k ($160.1k - $352.1k),$256k,741.0,96.3,150000.0,0.445358036922827
1011390,Field of Glory: Empires,Slitherine Ltd.,4X,$830.5k ($544k - $1.1m),$97.4m,466.0,81.58,75000.0,0.4432773470295219
418250,Polaris Sector,Slitherine Ltd.,4X,$516.6k ($303.8k - $729.5k),$97.4m,542.0,63.108,150000.0,0.4380695201616179
1395760,Reshaping Mars,Yooreka Studio,4X,$220.1k ($158.4k - $281.8k),$3m,640.0,84.55,150000.0,0.4373874366932575
265970,Worlds of Magic,Conglomerate 5,4X,$668.6k ($442.8k - $894.4k),$2.5m,805.0,41.472,350000.0,0.4356787407877689
1681060,Exogate Initiative,Xeno Bits,4X,$654.3k ($448.7k - $859.9k),$654.4k,949.0,75.57,75000.0,0.4343606955324767
1154840,Shadow Empire,Matrix Games,4X,$991k ($580.1k - $1.4m),$17.2m,594.0,85.98,35000.0,0.4332515828218642
1597310,Airship: Kingdoms Adrift,indie.io,4X,$727.4k ($513.5k - $941.4k),$36.8m,417.0,75.52,75000.0,0.4276734661663622
1116880,The Heroic Legend of Eagarlnia,Pixmain,4X,$450.2k ($323k - $577.5k),$2m,558.0,85.13,75000.0,0.4268600114319258
2420880,WitchHand,HopFrog,4X,$236.9k ($170.5k - $303.4k),$299.8k,747.0,91.59,35000.0,0.4078105496425928
464880,Stars in Shadow,Iceberg Interactive,4X,$366.7k ($237.3k - $496.1k),$34.2m,464.0,77.82,35000.0,0.405923441416659
1901910,Ultimate General: American Revolution,Game-Labs,4X,$1.1m ($724.4k - $1.4m),$21m,559.0,53.05,35000.0,0.4007429963801742
1683320,Power & Revolution 2021 Edition,Eversim,4X,$567.1k ($311.6k - $822.6k),$6.7m,603.0,57.12,35000.0,0.392638623168138
2340500,Three Kingdoms: Innovatory,Moment HK,4X,$222.7k ($149k - $296.3k),$222.7k,555.0,60.06,35000.0,0.3648485344722667
241000,Jon Shafer's At the Gates,Conifer Games,4X,$290k ($202.5k - $377.5k),$290k,628.0,35.496,35000.0,0.3490229668146585
2236070,Peaks of Yore,TraipseWare,Action,$1m ($748.5k - $1.3m),$1m,467.0,97.64,150000.0,0.4580652127370564
1227780,Taur,Echo Entertainment,Action,$1.3m ($855k - $1.7m),$1.3m,629.0,79.69,150000.0,0.454223859192385
396480,Battlevoid: Harbinger,Bugbyte Ltd.,Action,$214.1k ($145.5k - $282.7k),$9.5m,563.0,80.13,350000.0,0.4525199902365411
2085370,Classified: France '44,Team17,Action,$829.5k ($509.2k - $1.1m),$491.6m,537.0,72.82,75000.0,0.445798944814635
450860,Andarilho,SC Jogos,Action,$22.6k ($13.5k - $31.6k),$762.8k,3904.0,66.35,150000.0,0.4361701591627853
503620,Fictorum,Scraping Bottom Games,Action,$886.1k ($547.5k - $1.2m),$886.1k,452.0,78.63,150000.0,0.4357277283714214
404410,Endless Sky,Michael Zahniser,Action,0,$0 ,2950.0,83.754,1500000.0,0.4252344877848165
533780,Zombie Defense,Home Net Games,Action,$2k ($1.2k - $2.8k),$440.6k,2356.0,70.587,750000.0,0.4232472331797361
2616140,Sunset Motel,RockGame S.A.,Action,$555k ($360.2k - $749.8k),$5m,801.0,79.47,35000.0,0.4222552947871139
326120,Horizon Shift,Funbox Media Ltd,Action,$22.4k ($4.4k - $40.3k),$509.5k,1577.0,79.61399999999999,150000.0,0.4195327220014245
1952250,SAMURAI MAIDEN,D3PUBLISHER,Action,$1.1m ($648.2k - $1.6m),$55.3m,526.0,60.94,35000.0,0.4109157006337037
1573100,Subterrain: Mines of Titan,indie.io,Action,$305k ($203.1k - $407k),$36.8m,493.0,75.87,35000.0,0.4034784404878933
2021210,DRAGON QUEST TREASURES,Square Enix,Action,$555.8k ($350.5k - $761k),$1b,562.0,69.048,10000.0,0.3954825353369075
513610,Madrobot X,Sometimes You,Action,$1.2k ($617 - $1.8k),$605.9k,2604.0,77.841,150000.0,0.3914826567398484
1961600,Darfall,Paradox Arc,Action,$464.2k ($339.5k - $589k),$14.6m,611.0,69.867,10000.0,0.3781669356147583
375850,Island Defense,Stereo7 Games,Action,$23.8k ($4.7k - $42.9k),$32.4k,1373.0,49.095,150000.0,0.3737382042400977
485440,Call Of The Mighty Warriors,SC Jogos,Action,$5k ($2.6k - $7.3k),$762.8k,1274.0,52.704,150000.0,0.365882507537807
2602030,Entropy Survivors,First Break Labs,Action,$288.8k ($179.5k - $398.1k),$631.1k,500.0,73.00800000000001,10000.0,0.354759360524037
640890,Will Glow the Wisp,PartTimeIndie,Action,$3.4k ($1.7k - $5.1k),$8.8k,405.0,76.365,75000.0,0.3138864776363874
1832220,Blind Fate: Edo no Yami — Dojo,101XP,Action,0,$3.9m,653.0,0.0,150000.0,0.2459497268640847
291170,Royal Defense,8Floor,Adventure,$22.1k ($12k - $32.1k),$3.8m,2375.0,64.872,150000.0,0.4258479511752318
322290,Gurumin: A Monstrous Adventure,Mastiff,Adventure,$324.5k ($188.3k - $460.7k),$730.3k,346.0,91.94,150000.0,0.4253730702617509
1008710,Wet Girl,Shoot Girl,Adventure,$80.5k ($46.9k - $114.1k),$436.4k,534.0,80.0,350000.0,0.4233368268744469
260130,Agarest: Generations of War Zero,Ghostlight LTD,Adventure,$474.6k ($283.2k - $665.9k),$3.5m,435.0,65.061,150000.0,0.4177485995955582
547680,Guild Quest,Hyper Hippo Games,Adventure,$3.4k ($2.4k - $4.4k),$10m,1691.0,70.00200000000001,350000.0,0.4163929139471343
111800,Blocks That Matter,Swing Swing Submarine,Adventure,$119.7k ($54.1k - $185.2k),$250k,700.0,72.95400000000001,150000.0,0.4090384806592203
1604380,Hamidashi Creative,TamaMako gaming,Adventure,$623.7k ($380.2k - $867.2k),$649.1k,373.0,96.48,35000.0,0.4086206213302081
2138090,Atelier Marie Remake: The Alchemist of Salburg,"KOEI TECMO GAMES CO., LTD.",Adventure,$627.6k ($392.2k - $862.9k),$424.5m,588.0,80.523,10000.0,0.4064783210636467
813540,Scheming Through The Zombie Apocalypse: The Beginning,GrabTheGames,Adventure,$73k ($30.1k - $115.9k),$13.7m,688.0,75.717,75000.0,0.4056929140873961
2071200,The Bad Kids,LightOn Game,Adventure,$107.1k ($70.5k - $143.7k),$149.9k,563.0,74.86,75000.0,0.3848666482521507
365420,Apollo4x,Volens Nolens Games,Adventure,$4.7k ($2.3k - $7.1k),$658.4k,3766.0,53.334,75000.0,0.3830111813450816
2512930,Guardians of the Sanctree,HuCang Studio,Adventure,$306.1k ($189.2k - $423.1k),$309.3k,526.0,66.348,35000.0,0.3755229027733082
295250,Stranded,Curve Games,Adventure,$44.7k ($8.9k - $80.5k),$196.4m,675.0,37.926,75000.0,0.371501142721434
286100,You Have to Win the Game,Minor Key Games,Adventure,0,$1.4m,578.0,88.128,350000.0,0.3574596883569255
2764750,The Other Side,DeevoTe,Adventure,$334.7k ($204.2k - $465.3k),$333.4k,352.0,83.78999999999999,10000.0,0.3541287763698794
1363350,Monster Harvest,Silver Lining Interactive,Adventure,$78.6k ($48.5k - $108.7k),$7.8m,442.0,47.349,35000.0,0.3451575370210786
618470,Qbik,Forever Entertainment S. A.,Adventure,$6.1k ($1.2k - $11.1k),$4.5m,473.0,82.566,35000.0,0.3430263649581787
1342890,Who Needs a Hero?,Baby Stone Studios,Adventure,$48.2k ($26.6k - $69.9k),$48.2k,498.0,91.74,10000.0,0.3363590062342201
581600,The Albatross,FlagmanJeremy,Adventure,$2.8k ($1.1k - $4.5k),$28.6k,2515.0,54.144,35000.0,0.3332727443444522
714020,Idle Adventure,zha7,Adventure,$2.4k ($1.6k - $3.3k),$2.5k,1045.0,0.0,150000.0,0.2717589903831934
2154230,AI: Art Impostor,Pocketpair,Card & Board,$252.7k ($118.9k - $386.4k),$438m,772.0,58.446,75000.0,0.4248438224789528
480640,Pathfinder Adventures,Twin Sails Interactive,Card & Board,$597.5k ($400.6k - $794.3k),$35.3m,402.0,68.43,75000.0,0.4163968440879007
2688680,Girls of The Tower,OKJOY,Card & Board,$112.9k ($82.9k - $143k),$1.7m,740.0,84.97,75000.0,0.4146232470885194
2125540,Kādomon: Hyper Auto Battlers,Fireshine Games,Card & Board,$275.2k ($191.8k - $358.7k),$67m,440.0,67.31,75000.0,0.4095378537432023
2092850,Krzyżacy - The Knights of the Cross,Olive Panda Studio,Card & Board,$180.1k ($116.9k - $243.4k),$179.8k,451.0,75.17,150000.0,0.4021920903718891
3077020,DOKAPON! Sword of Fury,Sting,Card & Board,$438.9k ($262.4k - $615.5k),$734k,1367.0,78.192,10000.0,0.3978091845093255
1484280,Demeo,Resolution Games,Card & Board,$2.1m ($1.3m - $2.9m),$3.2m,386.0,88.14,10000.0,0.3977274171090875
3013550,Yu-Gi-Oh! EARLY DAYS COLLECTION,KONAMI,Card & Board,$921.1k ($631.1k - $1.2m),$639.8m,460.0,69.345,10000.0,0.3950200841160345
444280,Alice's Patchwork,8Floor,Card & Board,$6.3k ($3.8k - $8.9k),$3.8m,1690.0,78.057,75000.0,0.3947406499033999
1883000,HEART of CROWN Online,illuCalab,Card & Board,$213.2k ($139.4k - $286.9k),$213.3k,795.0,74.55600000000001,35000.0,0.3896752492055177
1156060,Railroads & Catacombs,IndieArk,Card & Board,$163k ($117.6k - $208.3k),$96m,425.0,67.69800000000001,35000.0,0.3856961479244332
238930,7 Grand Steps: What Ancients Begat,Mousechief,Card & Board,$218k ($109k - $327k),$317.3k,496.0,54.486,75000.0,0.3740759367232426
431640,Doodle Kingdom,JoyBits Ltd.,Card & Board,$14.8k ($6.1k - $23.5k),$343.2k,1768.0,41.949,75000.0,0.3620695780437625
3023190,Deduce Together,PushForward,Card & Board,$131.8k ($73.2k - $190.4k),$172.9k,954.0,64.611,10000.0,0.3493786556196023
1478220,Puzzle Together,IronZog,Card & Board,$49.9k ($26.1k - $73.6k),$49.9k,991.0,0.0,350000.0,0.3460488757936143
362400,Regimental Chess,Regimental Chess Inc.,Card & Board,$788 ($394 - $1.1k),$788 ,3271.0,55.71,150000.0,0.341801355963228
2114370,Takoyaki Party Survival,KIMIDORI SOFT,Card & Board,$16.3k ($7.6k - $24.9k),$180.2k,401.0,84.933,35000.0,0.3408027313590898
429680,Spellweaver,Dream Reactor,Card & Board,$8k ($5.1k - $10.9k),$8k,694.0,50.868,150000.0,0.3325563351323882
253510,WARMACHINE: Tactics,Privateer Press Interactive,Card & Board,0,$0 ,871.0,44.118,150000.0,0.2385331189450305
3085950,Banana-Shaped,SeluGames,Card & Board,0,$70 ,594.0,0.0,35000.0,0.1377268102175475
2521600,Little-Known Galaxy,Carbon & Kay,Casual,$401.9k ($254.5k - $549.3k),$402k,645.0,89.25,10000.0,0.3817862400850892
266390,Farm for your Life,Hammer Labs,Casual,$250.5k ($190.8k - $310.2k),$267.2k,337.0,72.729,75000.0,0.3816987685504312
2162680,Doom Sweeper,Paper Dog,Casual,$98.2k ($70.3k - $126.1k),$98.2k,568.0,74.42,75000.0,0.3816260782298531
2213300,Might & Magic: Clash of Heroes - Definitive Edition,Dotemu,Casual,$263.5k ($177.9k - $349.2k),$30.5m,306.0,70.749,35000.0,0.3806773499355155
1352330,Zoo 2: Animal Park,upjers,Casual,$2.1m ($463.8k - $3.7m),$4.6m,714.0,0.0,75000.0,0.3751283813941462
476240,KNIGHTS,Arzola's,Casual,$17.4k ($9.8k - $24.9k),$22.8k,636.0,94.03,75000.0,0.3733598930114191
582330,Warriors: Rise to Glory,Gavra Games,Casual,$270.6k ($178.3k - $362.9k),$270.6k,332.0,78.48,35000.0,0.3710940653126542
1252560,Love Breakout,Neko Game,Casual,$10.8k ($5.9k - $15.7k),$187.5k,624.0,87.63,75000.0,0.3684464406582304
393200,Bad Rats Show,Strategy First,Casual,$48.2k ($31.4k - $65.1k),$11.8m,345.0,81.2,35000.0,0.3660890246004454
2955840,Kitchen Wars,Perfect Gen,Casual,$144.7k ($58.9k - $230.6k),$145.3k,1130.0,74.997,10000.0,0.3656409780993433
2401680,Pet Shop Simulator,Games Incubator,Casual,$127.7k ($85.8k - $169.5k),$11.9m,384.0,61.01100000000001,35000.0,0.3633680518334458
1216200,Coloring Game 2,L. Stotch,Casual,$886 ($628 - $1.1k),$283.1k,493.0,77.139,350000.0,0.3505928219076634
3313310,Fishing The Abyss,umaaaaaa studio,Casual,$46.8k ($30.4k - $63.3k),$46.6k,878.0,85.905,10000.0,0.3474794201410754
2091250,Koishi Navigation Desktop Youkai,地霊研究院,Casual,$767 ($153 - $1.3k),$49.1k,478.0,90.0,150000.0,0.333936425025183
359260,Green Moon,Absolutist Ltd.,Casual,$7.5k ($1.5k - $13.5k),$141.4k,874.0,57.276,35000.0,0.324856814323022
397090,Wind Child,Valkyria Games,Casual,$6.3k ($2.9k - $9.7k),$15.1k,354.0,63.801,75000.0,0.3084147366497408
829420,Fun Hospital,OrangesGame Technology Limited,Casual,$60.3k ($34.6k - $86.1k),$60.4k,302.0,0.0,150000.0,0.2938827280574131
468700,NVIDIA VR Funhouse,Lightspeed Studios™,Casual,0,$0 ,592.0,75.789,350000.0,0.2855903904914473
1291500,Kill It With Fire: Ignition,tinyBuild,Casual,0,$179.6m,347.0,0.0,10000.0,0.1268090283360152
1407860,Space Travel Idle,Spaceive,Casual,0,$0 ,663.0,0.0,10000.0,0.0754300887250299
1104330,Founders' Fortune,Dionic Software,City Builder,$1.4m ($936.8k - $2m),$3.7m,834.0,82.14,75000.0,0.4554280140653565
1847240,Game Dev Story,"Kairosoft Co., Ltd",City Builder,$512.7k ($270.2k - $755.3k),$5.6m,571.0,90.84,150000.0,0.4551318676278326
1024650,Port Royale 4,Kalypso Media,City Builder,$4.8m ($2.4m - $7.2m),$91.9m,1107.0,57.72,35000.0,0.4543104533237391
1074070,Dust to the End,2P Games,City Builder,$201.2k ($120.5k - $281.8k),$43.1m,752.0,79.4,150000.0,0.4473237134167148
1743830,One Military Camp,Abylight Studios,City Builder,$1m ($691.1k - $1.4m),$2.3m,804.0,75.65,75000.0,0.4408612276487697
2262080,Omega Crafter,Preferred Networks,City Builder,$737.1k ($472.1k - $1m),$737.1k,1797.0,70.686,35000.0,0.4343908360567757
2834600,My Little Life,9FingerGames,City Builder,$317.5k ($204.6k - $430.4k),$377.3k,1521.0,89.87,35000.0,0.4333387185266716
2013240,Immortal Family,方块游戏(CubeGame),City Builder,$322k ($205.6k - $438.4k),$15.5m,1587.0,54.19,75000.0,0.4320968277177821
789660,Buggos,Intrepid Marmot,City Builder,$430.2k ($260.8k - $599.7k),$684.9k,688.0,87.75,75000.0,0.4307133269996372
2144640,Endzone 2,Assemble Entertainment,City Builder,$872k ($571.7k - $1.1m),$24.3m,803.0,68.03,35000.0,0.4242087511961447
2750080,The Settlers: New Allies,Ubisoft,City Builder,$641.8k ($395.9k - $887.7k),$2.4b,888.0,47.2,35000.0,0.4216604059579714
351860,Cultures - Northland,Daedalic Entertainment,City Builder,$16.6k ($8.9k - $24.2k),$159.9m,788.0,82.74,150000.0,0.4214559406671055
1864880,Roman Triumph: Survival City Builder,Forklift Interactive,City Builder,$572.4k ($377.8k - $766.9k),$7.4m,572.0,86.59,35000.0,0.4211020759073456
1336180,Floodland,Ravenscourt,City Builder,$618.6k ($372.2k - $864.9k),$6.1m,789.0,55.22,75000.0,0.4169970846513941
2012190,KAISERPUNK,Overseer Games,City Builder,$700.1k ($474.3k - $925.9k),$4.5m,632.0,71.64,35000.0,0.4100023876445447
2103470,Republic of Pirates,PQube,City Builder,$522.2k ($332.6k - $711.7k),$20.1m,608.0,64.43100000000001,35000.0,0.4037271528885646
840390,Spacebase Startopia,Kalypso Media,City Builder,$289k ($204.3k - $373.7k),$91.9m,647.0,51.642,35000.0,0.3907405117319903
728730,Holyday City: Reloaded,Holyday Studios,City Builder,$22.7k ($16.4k - $29k),$19.3m,1823.0,0.0,350000.0,0.3789836908919593
2206350,Farm Manager World,Sim Farm S.A.,City Builder,$560.3k ($378.5k - $742.2k),$4.6m,563.0,64.107,10000.0,0.367652878566606
1304430,Viking Frontiers,GameHunters,City Builder,$193.2k ($122.6k - $263.8k),$193.2k,625.0,49.113,35000.0,0.3548764709844912
495140,NARUTO: Ultimate Ninja STORM,BANDAI NAMCO Entertainment,Fighting,$2.5m ($1.7m - $3.3m),$478.1m,550.0,75.93,350000.0,0.5001070930325869
748360,MY HERO ONE'S JUSTICE,BANDAI NAMCO Entertainment,Fighting,$1.4m ($808.1k - $2m),$478.1m,1243.0,75.8,150000.0,0.4977839831445223
1685750,Capcom Fighting Collection,"CAPCOM Co., Ltd.",Fighting,$1.9m ($961k - $2.8m),$1.8b,537.0,90.88,150000.0,0.497045699156991
716710,東方憑依華　～ Antinomy of Common Flowers.,"SUNFISH Co., Ltd.",Fighting,$1.1m ($734.6k - $1.6m),$1.4m,1442.0,91.53,150000.0,0.4896550523364783
1390410,Midnight Fight Express,Humble Games,Fighting,$1m ($752.6k - $1.2m),$202.5m,765.0,91.05,150000.0,0.4894721145623652
2918150,ONE PIECE Bounty Rush,Bandai Namco Entertainment Inc.,Fighting,$4m ($1.8m - $6.2m),$237.6m,3891.0,0.0,350000.0,0.4884175534525772
3112260, Virtua Fighter 5 R.E.V.O. World Stage,SEGA,Fighting,$1.1m ($766.5k - $1.4m),$1.6b,1395.0,75.24,75000.0,0.4869244704646636
804490,Creed: Rise to Glory,Survios,Fighting,$1.2m ($746.5k - $1.7m),$9.1m,719.0,74.74,350000.0,0.4795627235692957
601220,Zup! F,Quiet River,Fighting,$285.5k ($166.3k - $404.7k),$2.4m,751.0,96.9,350000.0,0.4765321241854154
424280,Iron Snout,SnoutUp,Fighting,0,$29k,1332.0,88.35300000000001,3500000.0,0.470155732777495
314030,Guilty Gear X2 #Reload,Arc System Works,Fighting,$124.4k ($24.8k - $223.9k),$87.6m,1230.0,88.42,150000.0,0.4676384745704358
1835240,Spiritfall,Gentle Giant,Fighting,$828.4k ($613.1k - $1m),$828.5k,738.0,92.59,75000.0,0.4480775959718323
1021770, Wanba Warriors,Wanba Studio,Fighting,$844.6k ($477.9k - $1.2m),$1.4m,665.0,91.01,75000.0,0.4458002452490081
1420350,Fraymakers,Team Fray,Fighting,$976.5k ($636.9k - $1.3m),$974.7k,561.0,79.16,150000.0,0.444759703218085
1669170,Northend Tower Defense,Northend Games,Fighting,$432.7k ($259.4k - $606k),$432.7k,545.0,77.44,75000.0,0.4112908159318861
209120,Street Fighter X Tekken,"Capcom U.S.A., Inc.",Fighting,$15.4k ($8.4k - $22.3k),$15.4k,1287.0,56.46,150000.0,0.3696017780822443
576480,Drunken Fight Simulator,Volens Nolens Games,Fighting,$8.3k ($1.6k - $15k),$658.4k,2019.0,65.45700000000001,35000.0,0.3670382423849155
2536260,Mayhemers,Anigtas,Fighting,$69.6k ($37.6k - $101.7k),$69.6k,489.0,77.355,10000.0,0.3282942844791472
1742020,Idol Showdown,holo Indie,Fighting,0,$1.3m,10655.0,0.0,10000.0,0.2647171941817449
1116960,UNDEFEATED,Vantan Game Academy,Fighting,0,$0 ,687.0,0.0,750000.0,0.2464359235273139
1398210,Selene ~Apoptosis~,Nupu Neko Dev,Horror,$172.3k ($122.2k - $222.5k),$905k,662.0,85.095,75000.0,0.4147491705782953
515040,Make America Great Again: The Trump Presidency,Three Guys Game Studio,Horror,$197.9k ($126.7k - $269.2k),$204.1k,712.0,86.08,75000.0,0.4136243950791211
619540,Darkwater,Playstack,Horror,$385.9k ($256.5k - $515.3k),$116.9m,442.0,80.49,35000.0,0.4131040233537702
1049800,BLOCKADE,Novalink,Horror,$79.2k ($51.4k - $106.9k),$135.9k,2026.0,0.0,1500000.0,0.4118170064521723
986040,The Unliving,Team17 Digital,Horror,$373.6k ($227.4k - $519.8k),$21.5m,525.0,63.05,75000.0,0.4103059571188879
1245430,Golden Light,Mr. Pink,Horror,$638.5k ($365.8k - $911.1k),$753.9k,984.0,91.8,10000.0,0.4068358863112987
1478160,Nyaruru Fishy Fight,赤瞳大白猫,Horror,$151.4k ($75.6k - $227.3k),$210.1k,346.0,89.49,150000.0,0.4064962296515478
2989950,The Bathhouse | 地獄銭湯 Restored Edition,Chilla's Art,Horror,$248.4k ($151.4k - $345.5k),$4.4m,492.0,90.8,35000.0,0.406297054061582
248470,Doorways: Prelude,Saibot Studios,Horror,$113.2k ($57.3k - $169.2k),$756.5k,419.0,53.073,350000.0,0.3961655929825615
407300,The Last NightMary - A Lenda do Cabeça de Cuia,Submersivo Game Studio,Horror,$71.4k ($39.7k - $103.1k),$71.4k,407.0,80.29,150000.0,0.3867414752275896
726360,BOOBS SAGA: Prepare To Hentai Edition,Boobs Dev,Horror,$62k ($18.5k - $105.5k),$62k,1153.0,72.2,35000.0,0.37556939104643
604010,Chimpology,Junkhive,Horror,$2.6k ($1.3k - $3.9k),$2.6k,1971.0,78.48899999999999,150000.0,0.3713974207888985
365300,Transmissions: Element 120,Self Published,Horror,0,$2.5k,779.0,84.024,750000.0,0.3699901866828468
492630,Bear With Me - Episode One,Miyagi Games,Horror,$2.5k ($1.8k - $3.2k),$10.8k,1201.0,79.272,150000.0,0.362371917599625
2021910,FPS Chess,DigiPen Institute of Technology,Horror,0,$0 ,2997.0,0.0,1500000.0,0.3420301612616268
2167960,买个可乐饼吧！ - Buy a Croquette!,Eternal Dream,Horror,$781 ($368 - $1.1k),$57.2k,437.0,90.0,150000.0,0.3320807523927291
980610,Quaver,Swan,Horror,$7.3k ($1.6k - $13k),$7.3k,833.0,0.0,350000.0,0.3044936496691669
2232840,Garten of Banban,Euphoric Brothers,Horror,0,$3.1m,757.0,0.0,350000.0,0.285061105929924
594160,The Last Patient,NGV Studio,Horror,$1k ($213 - $1.9k),$1.2k,693.0,38.574,10000.0,0.2211449005132263
1394270,SCP: Escape Together,SCP: Escape Together development team,Horror,0,$0 ,348.0,0.0,350000.0,0.1849977524771309
496620,Monster Slayers,Digerati,Indie,$164.9k ($100k - $229.9k),$1.7m,285.0,79.85,350000.0,0.4200342084310851
1038740,Fluffy Store,SakuraGame,Indie,$64.7k ($38.8k - $90.6k),$3.9m,393.0,96.94,150000.0,0.4180475504551579
2555430,TRADESMAN: Deal to Dealer,AZAMATIKA,Indie,$148.1k ($100.6k - $195.6k),$579.7k,793.0,81.66,75000.0,0.4127844431617842
1026820,Coloring Game,L. Stotch,Indie,$33k ($20.7k - $45.4k),$283.1k,586.0,80.001,350000.0,0.411391590973313
2226700,挂姬恶魔 IDLE DEVILS,GOCORE,Indie,$92.7k ($66k - $119.5k),$284k,829.0,80.14,75000.0,0.4027661916018739
581970,Zombie Ballz,My Way Games,Indie,$4.7k ($2k - $7.4k),$729k,3029.0,67.959,75000.0,0.3913593726437464
569970,Chosen 2,Senpai Industrial Studios,Indie,$10.8k ($5.8k - $15.9k),$1m,1067.0,57.834,150000.0,0.3778912267503722
594720,Star Merchant,Conglomerate 5,Indie,$8k ($3.2k - $12.8k),$2.5m,1694.0,57.996,75000.0,0.3763884787667935
1198850,How to Build a Magnificent Kingdom,Kagura Games,Indie,$193.1k ($127.6k - $258.7k),$63.4m,395.0,72.68400000000001,10000.0,0.3610385532441295
2665460,Windward Horizon,Tasharen Entertainment Inc.,Indie,$156.7k ($103.7k - $209.7k),$3.2m,625.0,73.521,10000.0,0.3602375745612881
1946140,Jigsaw Puzzles Infinite,Bartek Karczmarczyk,Indie,$8.3k ($4.5k - $12.1k),$8.3k,435.0,90.0,75000.0,0.3424846481865672
3098070,Cinema Simulator 2025,HOGO Games,Indie,$276.4k ($195.4k - $357.3k),$463.6k,289.0,71.613,10000.0,0.3344633450692269
1011590,Night is Coming,101XP,Indie,$202.3k ($141k - $263.6k),$3.9m,321.0,58.5,10000.0,0.3291478166445595
1083600,Grow Defense,SoftCowGames,Indie,$10.6k ($6.8k - $14.4k),$10.6k,1264.0,0.0,350000.0,0.3244207816334373
1371630,Incremental Adventures,Gniller,Indie,$12.3k ($7.7k - $16.9k),$209.4k,1034.0,0.0,150000.0,0.3141516720529592
968440,Artist Idle,YDKR,Indie,$7.1k ($3.1k - $11.2k),$389.7k,516.0,0.0,150000.0,0.2873174029667791
704920,Magic Rampage,Asantee Games,Indie,$473 ($233 - $715),$474 ,301.0,84.933,75000.0,0.272146916952989
360870,Ultimate Tic-Tac-Toe,Tigerish Games,Indie,0,$398 ,288.0,65.45700000000001,350000.0,0.2674830372223079
625860,God Awe-full Clicker,Mad Labyrinth Studios LLC,Indie,$8.8k ($5.3k - $12.3k),$16k,996.0,0.0,35000.0,0.2644900824656875
1625080,Have a Nice Dream,榭季生,Indie,0,$0 ,1406.0,0.0,350000.0,0.249788168023758
1405470,Scars of Summer,Kagura Games,JRPG,$768.7k ($534.1k - $1m),$63.4m,497.0,74.88,150000.0,0.4511272589516101
1441840,FALL IN LABYRINTH,OTAKU Plan,JRPG,$268.6k ($165k - $372.2k),$8.4m,470.0,95.17,150000.0,0.4457886010788675
2997980,Natsu no Sagashimono ~What We Found That Summer~,Kagura Games,JRPG,$533.4k ($351.9k - $715k),$63.4m,829.0,88.76,35000.0,0.4429307923853344
1252600,ANOTHER EDEN,"WFS, Inc.",JRPG,$2.4m ($1.1m - $3.6m),$45m,804.0,0.0,750000.0,0.4421235957166364
446640,Space Pilgrim Episode IV: Sol,GrabTheGames,JRPG,$11.6k ($6.2k - $16.9k),$13.7m,2376.0,81.98100000000001,150000.0,0.4391281904407791
1284820,Desktop Kanojo,Neko Game,JRPG,$159.7k ($90.5k - $228.9k),$187.5k,574.0,86.0,350000.0,0.4379267611846684
1998340,Labyrinth of Galleria: The Moon Society,"NIS America, Inc.",JRPG,$845k ($551.2k - $1.1m),$48m,859.0,76.365,35000.0,0.4371064721404087
2310700,Shadow Corridor 2 雨ノ四葩,Space Onigiri Game LLC,JRPG,$359.6k ($236.5k - $482.7k),$679.3k,1414.0,88.01,35000.0,0.4335452078942606
1399080,The DioField Chronicle,Square Enix,JRPG,$738.4k ($458.4k - $1m),$1b,1253.0,49.77,35000.0,0.433182934656699
2731870,Ys X: Nordics,"NIS America, Inc.",JRPG,$1.2m ($806.1k - $1.6m),$48m,1135.0,84.69,10000.0,0.4310941608424791
990050,Death end re;Quest,Idea Factory International,JRPG,$1.5m ($1m - $2m),$37.9m,516.0,77.74,35000.0,0.4300508958467399
1962430,Monochrome Mobius: Rights and Wrongs Forgotten,DMM GAMES,JRPG,$974.1k ($605.5k - $1.3m),$5.3m,702.0,80.27,35000.0,0.4274045734880037
1184890,Fleeting Iris,Kagura Games,JRPG,$252.4k ($159.3k - $345.5k),$63.4m,454.0,73.71,75000.0,0.41542615608849
1731200,TRATRITLE,OTAKU Plan,JRPG,$386.4k ($231.8k - $541k),$8.4m,419.0,93.03,35000.0,0.4127610810644951
249550,NEStalgia,Silk Games,JRPG,$236.4k ($135.5k - $337.3k),$236.4k,451.0,56.943000000000005,75000.0,0.3735155586765585
1125480,School Years,电钮组,JRPG,$25.1k ($9.9k - $40.4k),$67.3k,795.0,70.047,75000.0,0.3661910821600608
3281300,DUNGEON RAZE,KOTARO YOSHIDA,JRPG,$42.7k ($25.9k - $59.5k),$42.4k,573.0,76.76100000000001,35000.0,0.351453554734309
402940,Dungeons of Betrayal,SA Industry,JRPG,$3.5k ($701 - $6.3k),$4m,1008.0,70.173,35000.0,0.3454327889922515
2348120,Kagura Survivors: Endless Night,Kagura Games,JRPG,0,$63.4m,1376.0,0.0,350000.0,0.3257311483999076
574690,Triangle,Red Triangle Games,JRPG,$629 ($315 - $944),$4.8k,1421.0,72.693,35000.0,0.3048452633071846
2073470,Kanjozoku Game レーサー Online Street Racing & Drift,Midnight Games,Massively Multiplayer,$448.8k ($273.5k - $624.1k),$1.5m,622.0,82.54,150000.0,0.4418820500284197
1179680,Wurm Online,Code Club AB,Massively Multiplayer,$1.7m ($936.9k - $2.4m),$1.7m,1226.0,0.0,750000.0,0.4361364822303279
719640,War Planet Online: Global Conquest,Gameloft,Massively Multiplayer,$7.2m ($4.1m - $10.3m),$64.8m,644.0,0.0,350000.0,0.4357113542469071
798420,Professional Fishing,Ultimate Games S.A.,Massively Multiplayer,$39.2k ($23.8k - $54.7k),$9.6m,793.0,54.999,750000.0,0.4303719257574939
378360,Ymir,Thibaud Michaud,Massively Multiplayer,$594.1k ($334.1k - $854.1k),$593.5k,559.0,73.17,150000.0,0.429295513357432
378760,Pixel Starships,SavySoda,Massively Multiplayer,$2.9m ($1.7m - $4.1m),$2.9m,520.0,0.0,750000.0,0.4196513583372678
240320,Panzar,OVALIS INVESTMENTS LIMITED,Massively Multiplayer,0,$811 ,2762.0,51.921,1500000.0,0.4189662899173899
905640,Combat Arms: Reloaded,VALOFE,Massively Multiplayer,$580.2k ($335.2k - $825.2k),$27.3m,536.0,0.0,750000.0,0.4067942035179924
575720,Mighty Party,By Aliens L.L.C-FZ,Massively Multiplayer,$2.3m ($1.4m - $3.2m),$2.3m,568.0,0.0,350000.0,0.4009350094306387
2515210,SKIBIDI BACKROOMS,Advanced Games B,Massively Multiplayer,$85.5k ($50.3k - $120.8k),$85.6k,711.0,68.85,150000.0,0.3959248507208864
700030,Life is Feudal: MMO,LTG,Massively Multiplayer,0,$7.6k,5315.0,42.55,350000.0,0.3924804739713998
755800,Hades' Star,Parallel Space Inc,Massively Multiplayer,$542.3k ($271.6k - $812.9k),$542.5k,761.0,0.0,350000.0,0.3827878154738325
2591210,ASTRAL TALE-星界神話,"X-Legend Entertainment Co., Ltd.",Massively Multiplayer,$148.9k ($78.2k - $219.6k),$832.7k,3043.0,0.0,75000.0,0.3742091233315547
17570,"Pirates, Vikings, and Knights II",Octoshark Studios,Massively Multiplayer,0,$0 ,878.0,76.554,1500000.0,0.3617341408491351
994910,Poker Master,NGIN LIMITED,Massively Multiplayer,$825.1k ($263.2k - $1.3m),$824.7k,858.0,0.0,35000.0,0.3427845393573391
609940,KROSMAGA,Ankama Games,Massively Multiplayer,$15.7k ($10.5k - $21k),$2.4m,755.0,0.0,350000.0,0.3374066879284758
2996570,Figure Adventure,Figure Fantasy,Massively Multiplayer,$313.4k ($161.6k - $465.2k),$313.4k,971.0,0.0,35000.0,0.3283936341902197
891040,Pool 2D - Poolians,Poolians.com,Massively Multiplayer,0,$106.9k,1048.0,0.0,750000.0,0.3156346040182871
439370,Midair,Archetype Studios,Massively Multiplayer,0,$0 ,739.0,67.212,150000.0,0.2540499476855302
619910,Just Cause 3: Multiplayer Mod,nanos GbR,Massively Multiplayer,0,$0 ,614.0,0.0,350000.0,0.2113272099055406
339200,Oceanhorn: Monster of Uncharted Seas,Cornfox & Brothers Ltd.,Metroidvania,$969.6k ($632.6k - $1.3m),$969.1k,387.0,81.58,350000.0,0.454570632507601
1231880,"Haiku, the Robot",Mister Morris Games,Metroidvania,$713.4k ($516.9k - $909.9k),$4m,407.0,91.0,150000.0,0.4481866832458951
418670,Pankapu,Dear Villagers,Metroidvania,$28.1k ($8k - $48.3k),$33.7m,1550.0,67.14,350000.0,0.4467388213303256
537450,ReCore: Definitive Edition,Xbox Game Studios,Metroidvania,$633.4k ($421.1k - $845.8k),$1.8b,380.0,61.9,150000.0,0.4413378619355355
277890,Shantae: Risky's Revenge - Director's Cut,WayForward,Metroidvania,$546.7k ($344.7k - $748.6k),$11.9m,326.0,87.77,150000.0,0.4388926018456459
449610,Monster Boy and the Cursed Kingdom,FDG Entertainment,Metroidvania,$807k ($573.3k - $1m),$1.2m,355.0,88.6,150000.0,0.4381933540204796
1233070,Isles of Sea and Sky,Cicada Games,Metroidvania,$479.3k ($371.4k - $587.3k),$479.9k,654.0,93.1,75000.0,0.4345553099877758
2671230,BLADECHIMERA,PLAYISM,Metroidvania,$442.2k ($312.7k - $571.7k),$86.3m,634.0,88.1,35000.0,0.4325664789118002
2394650,Crypt Custodian,Kyle Thompson,Metroidvania,$639.7k ($435.1k - $844.3k),$680.4k,351.0,97.02,75000.0,0.4249366518986798
248190,Knytt Underground,Ripstone,Metroidvania,$148.2k ($30.3k - $266.2k),$3m,693.0,74.51100000000001,150000.0,0.4240364362738729
1614440,Bō: Path of the Teal Lotus,Humble Games,Metroidvania,$485.2k ($323k - $647.3k),$202.5m,495.0,81.9,35000.0,0.4237011063611924
1437400,Salt and Sacrifice,Ska Studios,Metroidvania,$495.9k ($347.3k - $644.4k),$9.5m,569.0,62.48,75000.0,0.4128432472626031
361230,Super Daryl Deluxe,Dan & Gary Games,Metroidvania,$243k ($96k - $390k),$243k,328.0,81.33300000000001,75000.0,0.3886369702053686
311190,Super Panda Adventures,Paul Schneider,Metroidvania,$143.2k ($50.4k - $236k),$512.2k,368.0,94.24,35000.0,0.3835483829078219
1716310,AWAKEN - Astral Blade,ESDigital Games,Metroidvania,$343.5k ($230.7k - $456.3k),$4.1m,498.0,83.99,10000.0,0.3761785347983167
1761380,Otherworld Legends 战魂铭人,ChillyRoom,Metroidvania,$77.2k ($32k - $122.4k),$1.3m,549.0,58.44,75000.0,0.3721235496270645
439930,Control Craft 2,Conglomerate 5,Metroidvania,$4.4k ($1.7k - $7.1k),$2.5m,1246.0,65.115,75000.0,0.365321843733507
3253630,Gal Guardians: Servants of the Dark,"INTI CREATES CO., LTD.",Metroidvania,$343.6k ($236k - $451.2k),$8.5m,660.0,55.773,10000.0,0.3597367969698765
3099000,Guns of Fury,Gelato Games Ltd,Metroidvania,$226.2k ($160.6k - $291.8k),$226.2k,419.0,87.76,10000.0,0.3561330207916736
2523310,Lingo 2,Brenton Wildes,Metroidvania,$80.5k ($51.9k - $109.1k),$173.6k,441.0,84.645,10000.0,0.3384364065372426
2500750,Only Climb: Better Together,Exbyte Studios,Platformer,$764.3k ($479.3k - $1m),$764k,1034.0,54.79,150000.0,0.4346494921609439
3218600,Game of Fate 2: A Century's Promise,EpicDream Games,Platformer,$393.6k ($245.4k - $541.7k),$957.3k,1668.0,80.0,35000.0,0.4334155273839292
218060,BIT.TRIP Presents... Runner2: Future Legend of Rhythm Alien,Gaijin Games,Platformer,$436.3k ($213.5k - $659.2k),$1.9m,772.0,93.91,35000.0,0.4279427951462948
264730,Deadly 30,Ignatus Zuk and Gonzalo Villagomez,Platformer,$276.4k ($146.1k - $406.7k),$276.4k,677.0,79.82,150000.0,0.4274846233553239
487700,Conan the mighty pig,Mihai Morosanu,Platformer,$12.2k ($6.6k - $17.8k),$41.4k,2415.0,92.31,150000.0,0.4258679139809272
1265780,The Lord of the Rings: Gollum,Daedalic Entertainment,Platformer,$648.8k ($471.6k - $826k),$159.9m,502.0,41.47,150000.0,0.4194494935809213
219830,King Arthur's Gold,Transhuman Design,Platformer,0,$83.1k,1294.0,83.63,750000.0,0.4081610128135253
2835110,Sea Fantasy,METASLA,Platformer,$239.4k ($168.3k - $310.5k),$239.4k,903.0,86.31,35000.0,0.4075768050273161
611350,Evil Tag,HFM Games,Platformer,$45.7k ($9.1k - $82.4k),$3.2m,820.0,67.21,150000.0,0.4050957368145787
414920,Corgi Warlock,Xander's Corgi Arcade,Platformer,$19.9k ($3.9k - $35.8k),$19.9k,2247.0,72.441,75000.0,0.3921620215175624
434530,Flobe,Volens Nolens Games,Platformer,$1.5k ($794 - $2.3k),$658.4k,4016.0,76.158,75000.0,0.3912757984023527
2286770,Paper Bride 4 Bound Love,HeartBeat Plus,Platformer,$314.1k ($203.8k - $424.3k),$1.7m,447.0,69.615,35000.0,0.3814391051967978
212800,Super Crate Box,Vlambeer,Platformer,0,$8.5m,523.0,71.595,750000.0,0.3738725158939112
2273880,Arms Evolution: ZOMBIE DESTROYER,LP Game,Platformer,$63.6k ($40k - $87.1k),$63.6k,742.0,58.21200000000001,75000.0,0.365472004249641
2761610,Creator of Another World,kuetaro (くえたろう),Platformer,$186.1k ($129.5k - $242.6k),$186k,753.0,77.679,10000.0,0.3604831435365641
346120,Boring Man - Online Tactical Stickman Combat,Spasman Games,Platformer,$1.6k ($1.1k - $2k),$1.6k,1002.0,76.563,350000.0,0.3583791176913693
611860,Aborigenus,Flying Islands Team,Platformer,$9.2k ($4.6k - $13.9k),$30.6k,1220.0,72.639,35000.0,0.346991883376641
514360,Freedom Fighter,Volens Nolens Games,Platformer,$1.8k ($376 - $3.3k),$658.4k,2329.0,61.30800000000001,35000.0,0.345084477667509
523670,Adventures Of Fluzz,Volens Nolens Games,Platformer,$923 ($462 - $1.3k),$658.4k,984.0,64.287,35000.0,0.3116905656799505
1114940,I Wanna Maker,The Elephant Crew,Platformer,0,$0 ,508.0,0.0,750000.0,0.2324316247220927
1157340,Hentai Killer,PlatSTUDIO,Puzzle,$48.6k ($9.7k - $87.5k),$58.3k,2008.0,78.94,75000.0,0.41277963064567
384360,Fingered,Edmund McMillen,Puzzle,$157k ($106.3k - $207.6k),$13.1m,317.0,74.71,150000.0,0.4072086835664782
959520,Fantasy Blacksmith,GrabTheGames,Puzzle,$114k ($62.1k - $165.9k),$13.7m,351.0,64.35,150000.0,0.3955110783042479
322970,Subject 13,Microids,Puzzle,$166.4k ($33.2k - $299.6k),$27.1m,674.0,49.5,75000.0,0.3936843435822573
2506480,Clue/Cluedo,Marmalade Game Studio Ltd,Puzzle,$311.4k ($178.1k - $444.8k),$8m,330.0,81.86399999999999,35000.0,0.3908456668482991
502400,Redactem,Conglomerate 5,Puzzle,$9.6k ($5.4k - $13.9k),$2.5m,2558.0,56.385,75000.0,0.3901873535216855
2232600,Anomaly Exit,ExamlGuy,Puzzle,$303.5k ($193.6k - $413.4k),$303.4k,380.0,89.68,35000.0,0.3886491608023298
963690,Hentai Girl Hime,GirlGames,Puzzle,$59.5k ($13k - $106k),$1.1m,298.0,93.28,75000.0,0.38365527917267
1791590,Sunset Hills,Cotton Game,Puzzle,$168.8k ($105.6k - $232k),$627.9k,950.0,53.577000000000005,35000.0,0.3753909717860474
948900,macdows 95,Yunus Ayyildiz,Puzzle,$11.2k ($6k - $16.5k),$54.2k,1215.0,92.82,35000.0,0.3723987744851507
437180,Chill the Piro,Sergey Marchenko,Puzzle,$6.2k ($1.2k - $11.2k),$6.2k,2254.0,80.001,35000.0,0.36080210454745
359810,Hare In The Hat,RunServer,Puzzle,$17.6k ($7.6k - $27.7k),$324.6k,870.0,55.224,75000.0,0.3557028250332043
290280,Volt,Quantized Bit,Puzzle,$12.6k ($5.1k - $20.2k),$47.1k,580.0,63.477,150000.0,0.3538395968997344
502150,Interstellar Logistics Inc,Exalted Guy Interactive,Puzzle,$6.8k ($1.3k - $12.3k),$6.8k,1009.0,74.115,75000.0,0.3488399021818539
2495050,Merge Adventure: Magic Dragons,Neverest Games,Puzzle,$63.4k ($45.7k - $81.1k),$63.4k,1577.0,0.0,150000.0,0.3459455073978911
2599370,DeathWatchers,Swain Games,Puzzle,$70.6k ($46.6k - $94.6k),$70.6k,347.0,76.473,35000.0,0.3451558747911563
2631960,14 Minesweeper Variants 2,Artless Games,Puzzle,$79.9k ($49.4k - $110.5k),$504.3k,335.0,87.20100000000001,10000.0,0.3369614673112721
1500,Darwinia,Introversion Software,Puzzle,$94.3k ($18.8k - $169.7k),$2m,285.0,78.58,10000.0,0.3316399664732099
643270,OLDTV,Creability,Puzzle,0,$0 ,353.0,90.0,750000.0,0.3057532354334545
1949770,Rock Simulator 2,vinoo,Puzzle,$22.8k ($14.9k - $30.7k),$45.5k,276.0,83.04299999999999,10000.0,0.2982752189282585
439250,Space Pilgrim Episode III: Delta Pavonis,GrabTheGames,RPG,$12.7k ($6.9k - $18.6k),$13.7m,3180.0,80.379,350000.0,0.4668589469438423
2414270,Sunderfolk,Dreamhaven,RPG,$2.3m ($1.6m - $3.1m),$15m,873.0,94.91,35000.0,0.4657710292827227
1233880,Disgaea 4 Complete+,"NIS America, Inc.",RPG,$1.3m ($810k - $1.9m),$48m,592.0,89.32,75000.0,0.4619198383867146
2055050,Cavalry Girls,OKJOY,RPG,$525.9k ($361.2k - $690.6k),$1.7m,751.0,88.79,150000.0,0.4568176568743083
1416260,SpellForce 3: Versus Edition,THQ Nordic,RPG,$19.2k ($10.2k - $28.2k),$387.4m,1027.0,81.08,350000.0,0.4528882604458996
1930640,Lost2,DSGame,RPG,$957.1k ($665.6k - $1.2m),$15.4m,679.0,81.83,75000.0,0.4493330550200045
2181720,Scarlet Tower,Pyxeralia LLC,RPG,$245.9k ($172k - $319.8k),$245.9k,859.0,82.39,150000.0,0.4352264311701842
1368870,Field of Glory II: Medieval,Slitherine Ltd.,RPG,$456.3k ($247.3k - $665.3k),$97.4m,537.0,77.688,35000.0,0.4179703585000863
1729410,Earthling's Undertaking,MassesGame,RPG,$231.8k ($142.9k - $320.8k),$231.8k,1399.0,65.32,75000.0,0.4165679063007974
1418020,Tavern of Gods,Element Studio,RPG,$297.2k ($173.2k - $421.2k),$297.2k,790.0,77.84,75000.0,0.4161051604303263
849740,Love Esquire - RPG/Dating Sim/Visual Novel,Yangyang Mobile,RPG,$572.6k ($358.9k - $786.4k),$1m,528.0,89.99,35000.0,0.4134668557069965
1160750,Grim Clicker,EvilCharm Games,RPG,$314.2k ($210.6k - $417.8k),$314.6k,1647.0,0.0,350000.0,0.3964165791748594
601010,Hotel Anatolia,Elven Workshop,RPG,$7.2k ($4.3k - $10k),$7.2k,2810.0,62.622,150000.0,0.3856472253359576
489240,Exile to Death,Manifestors Games Studio,RPG,$12.6k ($5.7k - $19.6k),$12.6k,4343.0,44.433,75000.0,0.3758995160559471
2513240,Hero Tale,Weird Johnny Studio,RPG,$88.5k ($61.8k - $115.2k),$88.5k,684.0,62.541,75000.0,0.3735115375905006
1934080,Floating Life2,心流工作室（Heart Stream Studio）,RPG,$220.3k ($136.6k - $304k),$231.3k,555.0,51.36,75000.0,0.3732171820130424
3521320,Magicbook AutoBattler: Contract,JXGS,RPG,$95.7k ($66k - $125.4k),$95.7k,1130.0,71.541,10000.0,0.3543770586079732
2374000,Insects Awaken,HelloMeow,RPG,$108.3k ($71.7k - $144.9k),$108.3k,675.0,81.33300000000001,10000.0,0.3505734658785165
910320,Three Kingdoms 2019 阿达三国志2019 横版,阿达游戏,RPG,$6.8k ($3.9k - $9.6k),$6.8k,1861.0,0.0,35000.0,0.276430222061938
461370,Midnight's Blessing 2,Warfare Studios,RPG,$505 ($253 - $758),$65.7k,999.0,45.0,10000.0,0.2461228202985027
837880,You Suck at Parking - Complete Edition,Curve Games,Racing,$334.7k ($159.5k - $510k),$196.4m,409.0,79.32600000000001,150000.0,0.4423113451131306
1797610,Barro 22,SC Jogos,Racing,$85.3k ($17k - $153.5k),$762.8k,1186.0,86.61,150000.0,0.4388934363688043
385270,Jet Racing Extreme: The First Encounter,Real Dynamics,Racing,$81.4k ($16.2k - $146.6k),$81.4k,2180.0,57.6,350000.0,0.4373955511872909
400800,MXGP2 - The Official Motocross Videogame,Milestone S.r.l.,Racing,$950k ($610.4k - $1.2m),$60.1m,425.0,74.67,75000.0,0.4333920298035715
202310,Ridge Racer Unbounded,BANDAI NAMCO Entertainment,Racing,$155.7k ($86.7k - $224.7k),$478.1m,336.0,63.54,350000.0,0.4320902375546467
520010,Climbey,ShadowBrain Games,Racing,$718.7k ($449.1k - $988.3k),$719.3k,442.0,91.29,75000.0,0.4282493528977829
2696480,Nothing,Pixelatto,Racing,$113.1k ($22.6k - $203.6k),$1.3m,690.0,85.221,150000.0,0.4271239236258924
1428100,Instruments of Destruction,Secret Mode,Racing,$863.1k ($585.5k - $1.1m),$74.5m,335.0,91.98,35000.0,0.4258291709478361
705210,Cube Racer,Simon Blasen,Racing,0,$0 ,3283.0,90.0,750000.0,0.4092734400243638
1324350,Turbo Golf Racing,Hugecalf Studios,Racing,$238.9k ($159k - $318.7k),$253.4k,439.0,86.84,75000.0,0.4030952210738806
431590,Earn to Die 2,Not Doppler,Racing,$159.4k ($107.9k - $211k),$160k,459.0,92.77,75000.0,0.402562575498293
2051120,HOT WHEELS UNLEASHED 2 - Turbocharged,Milestone S.r.l.,Racing,$878.9k ($547.6k - $1.2m),$60.1m,296.0,76.26,10000.0,0.377516586906966
2058750,Monster Energy Supercross - The Official Videogame 6,Milestone S.r.l.,Racing,$709.7k ($438.1k - $981.4k),$60.1m,428.0,62.55,10000.0,0.3720600220998657
302590,Of Guards And Thieves,Subvert Games,Racing,$4.4k ($2.8k - $5.9k),$4.4k,415.0,75.042,750000.0,0.3657066247052233
1668080,Pinchcliffe Grand Prix,Ravn Studio,Racing,$354.9k ($180.9k - $528.9k),$375k,484.0,48.285,35000.0,0.3578228682053099
2280390,Tennis Manager 2023,Rebound CG,Racing,$386.6k ($251.8k - $521.4k),$1.1m,343.0,73.48500000000001,10000.0,0.3502097917111632
586130,Survival Driver,HaDe Games,Racing,$887 ($177 - $1.5k),$18.2k,1601.0,52.758,150000.0,0.331877925539056
2758280,Boldly Forward,SmallMill,Racing,$23.2k ($15.8k - $30.6k),$25.8k,747.0,40.851,35000.0,0.3126696773258038
358270,Death Rally (Classic),3D Realms (Apogee Software),Racing,0,$0 ,699.0,88.308,150000.0,0.272609947513493
626680,Kreedz Climbing,ObsessionSoft,Racing,0,$0 ,376.0,0.0,350000.0,0.1885842478656888
2468100,Pyrene,Indie Asylum,Roguelike,$255.8k ($187.5k - $324.1k),$1.1m,646.0,93.17,35000.0,0.4115837001587524
2853160,SHOOPER NOVA,gamersky games,Roguelike,$227.9k ($141.9k - $313.8k),$227.9k,1237.0,73.962,35000.0,0.4040164200573697
1638390,Indies' Lies,Erabit,Roguelike,$321.2k ($186.4k - $456.1k),$10.5m,596.0,74.96,35000.0,0.4038149620441814
2116060,Epic Auto Towers,Aleksandr Golovkin,Roguelike,$537.2k ($377.4k - $697.1k),$1.1m,1807.0,70.71,10000.0,0.4036221541019424
1253610,Knights of Braveland,Tortuga Team,Roguelike,$254.4k ($168.7k - $340.1k),$1m,516.0,65.727,75000.0,0.3937258642978335
2002220,Keeper's Toll,Stingbot Games,Roguelike,$159.5k ($107.4k - $211.7k),$168.8k,614.0,89.42,35000.0,0.3913576211392438
2908950,Tunnel Escape,Saikey Studios,Roguelike,$340.2k ($193.7k - $486.7k),$1.8m,580.0,69.13799999999999,35000.0,0.3904206017925554
2479830,The Braves,101XP,Roguelike,$196.2k ($100k - $292.5k),$3.9m,1096.0,0.0,350000.0,0.3877423658717658
585710,Blazing Beaks,Applava,Roguelike,$1.2m ($760.1k - $1.8m),$1.2m,414.0,84.2,10000.0,0.3836047273149144
2111870,Section 13,"Ocean Drive Studio, Inc.",Roguelike,$258.4k ($189.5k - $327.4k),$2.6m,428.0,70.16,35000.0,0.3796240318339484
3064290,Trizon,Ling,Roguelike,$165.9k ($111.3k - $220.5k),$165.9k,980.0,83.52900000000001,10000.0,0.3723394034273252
3141720,Monster Battles,Fourteen,Roguelike,$268.1k ($174.1k - $362.2k),$268.1k,797.0,69.33600000000001,10000.0,0.3607533721219392
2752720,Dice Player One,KDream,Roguelike,$239k ($148.8k - $329.2k),$265.4k,541.0,81.945,10000.0,0.3596908988372601
3021630,Savara,Ankama Games,Roguelike,$237.7k ($166.1k - $309.4k),$2.4m,421.0,79.569,10000.0,0.358907893569881
1536620,Galactic Glitch,Crunchy Leaf Games,Roguelike,$178.8k ($132.4k - $225.3k),$474.3k,468.0,86.73,10000.0,0.3582715135889913
2881800,SuperTaxCity,KIC Games,Roguelike,$128.7k ($76.6k - $180.9k),$255.5k,535.0,81.063,10000.0,0.3492987857998661
1409730,Hero of Not Our Time,Hide Head,Roguelike,$37.9k ($13.3k - $62.4k),$53.7k,1290.0,64.48500000000001,10000.0,0.3354616682113041
528730,Crypt of the Serpent King,Rendercode Games,Roguelike,$21.1k ($11.4k - $30.8k),$21.2k,398.0,73.188,35000.0,0.3233868750144618
420790,StarBreak,Crunchy Games,Roguelike,0,$0 ,764.0,70.00200000000001,350000.0,0.2916265147124333
926390,Infected Shelter,Dark Blue Games,Roguelike,$79 ($52 - $107),$80 ,432.0,76.545,150000.0,0.2569934730662251
893680,Project Warlock,Retrovibe,Shooter,$788.3k ($448.5k - $1.1m),$1.3m,378.0,87.85,350000.0,0.4583754481682475
1482380,Maniac,Skystone Games,Shooter,$346.1k ($227.5k - $464.7k),$10m,668.0,91.35,150000.0,0.4572655631982033
1159560,Ziggurat 2,Milkstone Studios,Shooter,$666.6k ($464.5k - $868.6k),$22.7m,415.0,91.07,150000.0,0.4553074726884706
1163870,Mecha Knights: Nightmare,Damian Kubiak,Shooter,$513.4k ($290.2k - $736.7k),$513.7k,410.0,91.62,350000.0,0.4544529139902809
654990,Dude Simulator,Kiddy,Shooter,$32.7k ($17.7k - $47.7k),$169.2k,2571.0,60.78,750000.0,0.4526478141017048
2206270,Vampire Hunters,Gamecraft Studios,Shooter,$1.2m ($794.9k - $1.7m),$1.2m,1217.0,90.33,35000.0,0.4511855652938532
2419090,STAR WARS: Bounty Hunter,Aspyr,Shooter,$1.1m ($744.1k - $1.5m),$18m,595.0,84.91,75000.0,0.4510264219816527
2294130,Goobies,Höganäs Spel,Shooter,$546.3k ($364.6k - $727.9k),$545.9k,1001.0,91.3,75000.0,0.4483768812767819
33110,Alien Shooter: Revisited,Sigma Team Inc.,Shooter,$178.4k ($81.4k - $275.3k),$2.4m,905.0,64.23,350000.0,0.442724871456052
2400160,Glyphica: Typing Survival,aliasBLACK,Shooter,$602.8k ($399.6k - $806.1k),$602k,497.0,89.92,150000.0,0.4427193941688375
1540150,Crazy Flasher Series 2021,Andy Law,Shooter,$59.9k ($35k - $84.8k),$98k,882.0,88.46,350000.0,0.4366443555217124
2782610,Bad 2 Bad: Apocalypse,DAWINSTONE,Shooter,$504.7k ($342.1k - $667.3k),$504.4k,1710.0,76.93,35000.0,0.4319797099136992
2427420,S.T.A.L.K.E.R.: Clear Sky - Enhanced Edition,GSC Game World,Shooter,$1.9m ($1m - $2.8m),$20.3m,931.0,55.5,35000.0,0.4267826268458735
1292630,3on3 FreeStyle: Rebound,Joycity,Shooter,$7.1m ($4.2m - $9.9m),$7.1m,641.0,63.0,10000.0,0.4093404670025153
356310,METAL SLUG DEFENSE,SNK CORPORATION,Shooter,$27k ($18.9k - $35.1k),$35.7m,389.0,53.442,750000.0,0.4069891435176824
1129220,"BEARS, VODKA, BALALAIKA! ",Rabotiagi games,Shooter,$71.9k ($36.5k - $107.4k),$174k,469.0,89.71,150000.0,0.4044817365810734
2930120,愤怒的孙子们,李鸡蛋,Shooter,$55k ($11k - $99k),$55k,1027.0,55.161,150000.0,0.385275514701193
915320,Pixel Strike 3D,Vulcron,Shooter,$78.3k ($55k - $101.7k),$78.3k,852.0,0.0,1500000.0,0.3824725876328645
638490,Soldat,Transhuman Design,Shooter,0,$83.1k,409.0,45.0,350000.0,0.2861005368704042
663690,Rival Rampage,Oddscure,Shooter,0,$113.8k,379.0,45.0,35000.0,0.1935946285073112
3359320,SchoolBoy Runaway,Linked Squad,Simulation,$480.6k ($297.2k - $663.9k),$525.2k,858.0,91.38,75000.0,0.4416575540784122
1812300,Aquatico,Overseer Games,Simulation,$884.3k ($589.9k - $1.1m),$4.5m,923.0,68.87,75000.0,0.4394244933089462
2111170,STORY OF SEASONS: A Wonderful Life,Marvelous,Simulation,$1.4m ($979.4k - $1.8m),$20.9m,1528.0,78.59,10000.0,0.4328658885683641
587450,Saurian,"Urvogel Games, LLC",Simulation,$842.6k ($523.2k - $1.1m),$842.1k,599.0,61.96,150000.0,0.426778042641981
886900,Chef: A Restaurant Tycoon Game,Digital Tribe,Simulation,$714.5k ($404.5k - $1m),$3.3m,564.0,72.86,75000.0,0.423754862235674
562430,Alien Hostage,Conglomerate 5,Simulation,$11.2k ($5.1k - $17.4k),$2.5m,3966.0,54.72,150000.0,0.4198791589087143
1492730,DORAEMON STORY OF SEASONS: Friends of the Great Kingdom,Bandai Namco Entertainment,Simulation,$804.4k ($428.3k - $1.1m),$1.7b,572.0,81.432,10000.0,0.4160875995237976
1124260,Snowtopia: Ski Resort Builder,Goblinz Publishing,Simulation,$702.9k ($337.3k - $1m),$29.1m,539.0,66.32,35000.0,0.4078005579659878
686260,Forged Battalion,Petroglyph,Simulation,$669.1k ($262.5k - $1m),$4.3m,439.0,63.13,75000.0,0.4064353676110384
3239270,Night Shift Nurses,Shiravune,Simulation,$524.2k ($337.7k - $710.7k),$15.3m,439.0,77.22,35000.0,0.4053606751551759
602320,Train Valley 2,Flazm,Simulation,$746.8k ($389.4k - $1.1m),$1.5m,468.0,90.95,10000.0,0.388218778239732
1170970,Marbles on Stream,Pixel by Pixel Studios Inc.,Simulation,$1.1m ($526.3k - $1.7m),$1.1m,584.0,0.0,350000.0,0.3879096943965714
1895860,Monster Girls and the Mysterious Adventure 2,NEKOTOKAGE GAMES,Simulation,$214.8k ($158.6k - $271k),$295.4k,557.0,80.091,35000.0,0.3857197311417536
3430470,PLATiNA :: LAB,HIGH-END Games,Simulation,$516.8k ($356.8k - $676.8k),$516.8k,479.0,89.66,10000.0,0.3777272666335634
1335240,放置勇者：远征/Idle Heroes:Odyssey,OnigiriStudio,Simulation,$126.7k ($91.1k - $162.3k),$126.6k,531.0,51.72,75000.0,0.3615860890409678
2891120,Mad Smartphone Tycoon,Miradil,Simulation,$147.1k ($94.2k - $199.9k),$146.5k,420.0,66.303,35000.0,0.3546640674700037
2241910,Sweets Pusher Friends,STP WORKS,Simulation,$24.2k ($14.8k - $33.6k),$377.2k,551.0,62.028000000000006,10000.0,0.3085023418408724
885570,Nova-Life: Amboise,TeamNova,Simulation,$226 ($45 - $407),$226 ,756.0,67.446,350000.0,0.3037527326768791
397100,MachineCraft,G2CREW,Simulation,0,$0 ,497.0,65.45700000000001,350000.0,0.267121637750481
1029500,中华三国志 the Three Kingdoms of China,中三之家,Simulation,0,$0 ,420.0,0.0,350000.0,0.1937143247506498
442500,Age of Gladiators,Creative Storm Entertainment,Sports,$257.5k ($166.1k - $349k),$705.4k,373.0,77.92,150000.0,0.4101323071959173
508530,HackyZack,Spaceboy Games,Sports,$96.9k ($19.3k - $174.4k),$96.9k,833.0,90.0,75000.0,0.4088357047954138
1213750,Fight Crab,PLAYISM,Sports,$639.5k ($406k - $872.9k),$86.3m,257.0,94.14,10000.0,0.3880004832979756
505740,Eximius: Seize the Frontline,Ammobox Studios,Sports,$735.9k ($424.9k - $1m),$736k,320.0,67.14,35000.0,0.3774249503629517
1307090,Barro Racing,SC Jogos,Sports,$69.2k ($37.9k - $100.6k),$762.8k,1355.0,84.21,10000.0,0.3768715439287653
2494340,Tour de France 2024,Nacon,Sports,$319.7k ($199.1k - $440.3k),$157.6m,395.0,75.564,10000.0,0.3751561379432345
692030,Tennis World Tour,Nacon,Sports,$782.6k ($322k - $1.2m),$157.6m,289.0,44.01,35000.0,0.3749773196790109
429780,Bunny Hop League,PolyDigital,Sports,$122.6k ($71.6k - $173.6k),$122.6k,421.0,72.41,75000.0,0.3745292216262723
1682050,PropHunter,Alone Fox Games,Sports,$211.3k ($42.2k - $380.4k),$213.1k,318.0,81.02,35000.0,0.3676889506489568
1304340,Monster Energy Supercross - The Official Videogame 4,Milestone S.r.l.,Sports,$253k ($170.7k - $335.4k),$60.1m,561.0,62.46000000000001,10000.0,0.3653382056882623
2545360,Lonely Mountains: Snow Riders,Megagon Industries,Sports,$444k ($311.3k - $576.6k),$1.5m,265.0,90.61,10000.0,0.36274697445658
526980,Handball 17,Nacon,Sports,$42k ($8.4k - $75.6k),$157.6m,306.0,63.981,35000.0,0.3542262412271487
2052040,Golden Lap,Funselektor Labs Inc.,Sports,$371.6k ($249.5k - $493.8k),$4.9m,286.0,76.959,10000.0,0.3539018450176989
360620,Spellsworn,Frogsong Studios,Sports,$599 ($331 - $868),$17.4k,1506.0,78.98400000000001,150000.0,0.3503745917938472
464850,Don Bradman Cricket 17,Big Ant Studios,Sports,$303.3k ($177.7k - $428.9k),$5.1m,232.0,54.639,35000.0,0.3503719521728705
1345870,Franchise Hockey Manager 7,Out of the Park Developments,Sports,$324.8k ($191.9k - $457.7k),$3.5m,246.0,69.831,10000.0,0.3387094499259991
2337630,AFL 23,Nacon,Sports,$567.2k ($392.5k - $742k),$157.6m,254.0,40.95,10000.0,0.3351656776389109
3468640,AFL 26,Nacon,Sports,$254.8k ($170.9k - $338.7k),$157.6m,250.0,51.507,10000.0,0.3336200405056252
522230,The Fishing Club 3D: Co-op Sport Angling,Robot Riot UG (haftungsbeschränkt),Sports,$502.9k ($310.3k - $695.5k),$503.1k,254.0,0.0,150000.0,0.3284602343682735
2084720,Home Run High,"Kairosoft Co., Ltd",Sports,$86.5k ($45.4k - $127.6k),$5.6m,229.0,65.58300000000001,10000.0,0.3150173974219099
513560,Hunger Dungeon,No Stuck Game Studio,Strategy,$2.2k ($1.2k - $3.2k),$512.2k,745.0,66.97800000000001,350000.0,0.3689345180257933
4890,Cossacks II: Battle for Europe,GSC World Publishing,Strategy,$90.2k ($49.8k - $130.7k),$1.2m,132.0,81.62,150000.0,0.3688302502856802
278530,3 Stars of Destiny,KOMODO,Strategy,$88.3k ($17.6k - $159k),$17.2m,461.0,61.767,35000.0,0.3659874685796532
463980,Solitairica,Righteous Hammer Games,Strategy,$97.4k ($65.2k - $129.5k),$114.9k,226.0,70.578,150000.0,0.3653956660344594
1578220,Mister Furry: Hot Muscles,Red Six Publishing,Strategy,$32.9k ($21.3k - $44.5k),$185.6k,273.0,92.23,75000.0,0.3636608901488708
3139620,Frontline Crisis,Gamersky Games,Strategy,$82.8k ($53.2k - $112.4k),$60.7m,184.0,80.424,35000.0,0.3607963310248737
257730,Infinity Wars: Animated Trading Card Game,Lightmare Studios,Strategy,0,$0 ,1604.0,65.07900000000001,750000.0,0.3510254797963673
1516750,Alien Marauder,Vexan Studio,Strategy,$145.6k ($84.9k - $206.4k),$145.6k,262.0,56.916,75000.0,0.3475875779087814
863500,All Quiet in the Trenches,Totally Not Aliens,Strategy,$440.6k ($293.9k - $587.2k),$440.7k,131.0,90.85,10000.0,0.3359205849159626
201210,Pox Nora,Desert Owl Games LLC,Strategy,$13.7k ($7.4k - $20.1k),$14.8k,275.0,51.426,350000.0,0.3339515394988226
294160,Galcon 2: Galactic Conquest,"Hassey Enterprises, Inc.",Strategy,$2.1k ($1.3k - $2.9k),$228.9k,324.0,60.003,350000.0,0.3320752215881671
312790,Agarest: Generations of War 2,Ghostlight LTD,Strategy,$175.9k ($108.7k - $243k),$3.5m,371.0,51.732,10000.0,0.3243401230410696
544870,Blood Ties,Warfare Studios,Strategy,$3.3k ($666 - $5.9k),$65.7k,1327.0,55.998,35000.0,0.3212837333991549
3132860,天月麻雀 (Amatsuki Mahjong),Cyber Alice Limited,Strategy,$239.9k ($141k - $338.9k),$239.9k,893.0,0.0,35000.0,0.3207711449380676
581980,Candy Machine,Colossal Wreck,Strategy,$7.7k ($3.1k - $12.2k),$7.7k,2176.0,35.361,35000.0,0.3190510460051263
542480,Therian Saga,Virtys,Strategy,$14.9k ($9.6k - $20.2k),$101.9k,645.0,0.0,150000.0,0.2992513227523063
3107590,スペルトナエル,おまど,Strategy,$9.6k ($5.9k - $13.2k),$9.5k,136.0,88.155,10000.0,0.2623002650157313
823550,Booty Calls,Nutaku Publishing,Strategy,0,$34.7m,357.0,29.997,150000.0,0.2573709508322107
1041710,Sim Empire,TKG Inc.,Strategy,$46.4k ($22.7k - $70.1k),$46.4k,130.0,40.347,10000.0,0.2427004218708662
3183310,Forgotten Journey,FJ-Studio,Strategy,$2.8k ($1.4k - $4.2k),$2.8k,1402.0,0.0,10000.0,0.2228833003616352
2233120,A Quiet Place: The Road Ahead,Saber Interactive,Survival,$1.7m ($1.2m - $2.2m),$3.1m,1066.0,75.58,75000.0,0.4585149932020554
2436570,DRAGON QUEST BUILDERS,Square Enix,Survival,$733.2k ($448.6k - $1m),$1b,702.0,89.57,35000.0,0.4550373893770421
860020,EXFIL,MicroProse Software,Survival,$460.9k ($228k - $693.7k),$43.7m,1134.0,61.245,150000.0,0.453953227915211
407840,Guardians of Orion (Phase 2),DANKIE,Survival,$744.9k ($480.1k - $1m),$2.5m,679.0,52.98,350000.0,0.4435167663544683
1574900,Salt 2: Shores of Gold,Lavaboots Studios,Survival,$870.1k ($546.8k - $1.1m),$2.2m,637.0,85.42,75000.0,0.4412355768415568
667890,Dead Maze,Atelier 801,Survival,$15.7k ($11.7k - $19.6k),$7m,3819.0,0.0,1500000.0,0.4248018234362082
1253710,Garbage,GrabTheGames,Survival,$255.2k ($155.7k - $354.7k),$13.7m,550.0,66.98,150000.0,0.4237477996349574
726110,Overcrowd: A Commute 'Em Up,SquarePlay Games,Survival,$882.2k ($561.8k - $1.2m),$882.1k,802.0,81.32,35000.0,0.4234563752686547
314970,Age of Conquest IV,Noble Master LLC,Survival,$8.2k ($5.5k - $10.8k),$17.6k,954.0,72.0,750000.0,0.4033923444985355
513720,Archipelago,Conglomerate 5,Survival,$2.8k ($1.9k - $3.8k),$2.5m,3419.0,65.25,35000.0,0.3730615941176309
2846060,Subterror,Team Monumental,Survival,$88.5k ($54.6k - $122.5k),$104.2k,498.0,81.666,35000.0,0.3664795045573503
2902540,KUNKUN Defender,Seal,Survival,$47.8k ($30.1k - $65.5k),$112.8k,464.0,97.13,10000.0,0.3430949756593555
586790,Hold your houses,Conglomerate 5,Survival,$2.9k ($583 - $5.2k),$2.5m,2979.0,35.05500000000001,35000.0,0.3390433162297778
3123830,Dread Tomb,Gamirror Games,Survival,$26.9k ($15.5k - $38.3k),$118.8m,546.0,46.152,10000.0,0.318485210215451
564210,Fishermurs,Valkyrie Initiative,Survival,$2.7k ($1.4k - $4k),$2.8m,1571.0,60.003,10000.0,0.3155983835410264
266430,Anarchy Arcade,Elijah Newman-Gomez,Survival,0,$0 ,515.0,60.003,750000.0,0.2932016893509464
388550,Galactic Missile Defense,Black Sheep Games,Survival,$1.3k ($693 - $2k),$1.3k,507.0,56.664,75000.0,0.2789251457610288
1402020,SCP: Labrat,Bezbro Games,Survival,0,$7.9k,544.0,0.0,750000.0,0.2740466434463577
555920,Dark Egypt,GDNomaD,Survival,$2.7k ($552 - $4.9k),$95k,1287.0,29.997,10000.0,0.2648611800940821
2061440,Oxygen: First Breath,GrabTheGames,Survival,0,$13.7m,746.0,0.0,150000.0,0.2575100004418342
319760,Oh My Gore!,Daedalic Entertainment,Tower Defense,$22.5k ($12.5k - $32.6k),$159.9m,833.0,78.993,75000.0,0.4083041971046193
537200,Defense Of Greece TD,First Games Interactive,Tower Defense,$9.1k ($1.8k - $16.5k),$53.9k,2981.0,70.713,150000.0,0.4076120867949024
371460,Gnumz: Masters of Defense,8Floor,Tower Defense,$7.5k ($4k - $11k),$3.8m,2056.0,64.40400000000001,150000.0,0.4051995373881125
3133060,Gnomes,DYSTOPIAN,Tower Defense,$392.3k ($270.8k - $513.9k),$392.3k,435.0,95.55,35000.0,0.4035422979868858
423550,Day D: Tower Rush,8Floor,Tower Defense,$7.3k ($4.4k - $10.3k),$3.8m,1614.0,67.95,150000.0,0.4008653727525978
937310,Infinitode 2 - Infinite Tower Defense,Prineside,Tower Defense,$12.5k ($7.2k - $17.8k),$12.5k,2184.0,89.53,75000.0,0.3996556328442324
215710, Fieldrunners 2,Subatomic Studios LLC,Tower Defense,$111.8k ($72k - $151.5k),$196.7k,646.0,80.85600000000001,75000.0,0.3969177238063811
345330,Eden Rising,The Wall Productions Inc.,Tower Defense,$12.1k ($7.1k - $17.1k),$12.1k,1372.0,66.465,350000.0,0.3960617273286395
878380,Touhou Big Big Battle,MyACG Studio,Tower Defense,$34.1k ($18.5k - $49.8k),$2.8m,787.0,75.63,75000.0,0.3918970496319438
618610,Endless Horde,Ominous Entertainment,Tower Defense,$10.6k ($5.7k - $15.5k),$27.3k,1609.0,58.365,150000.0,0.3754456627234443
450850,Cube Land Arena,SC Jogos,Tower Defense,$4.5k ($2.4k - $6.6k),$762.8k,1634.0,59.535,75000.0,0.3633652121994066
2427570,Block Tower TD,MyDreamForever,Tower Defense,$8.5k ($4.7k - $12.4k),$120.7k,631.0,72.0,150000.0,0.3632954363839486
1433420,Love n War: Hero by Chance,Reborn Entertainment,Tower Defense,$32.4k ($18.5k - $46.2k),$779.6k,1102.0,78.99,10000.0,0.3543013462012056
2118250,Kitchen Crisis,Team Samoyed,Tower Defense,$140.8k ($98.8k - $182.9k),$3.2m,635.0,67.716,10000.0,0.3533550288334159
227220,Sang-Froid - Tales of Werewolves,Artifice Studio,Tower Defense,0,$170.6k,493.0,88.85,350000.0,0.341789495891839
1482910,Idle Monster TD,Swell Games LLC,Tower Defense,$28.1k ($14.9k - $41.3k),$1.2m,1088.0,0.0,150000.0,0.3352173962448734
1197260,The Perfect Tower II,Fire Sword Studios,Tower Defense,$1.1k ($821 - $1.4k),$1.1k,4891.0,0.0,350000.0,0.3236940099894182
454870,Magic Quest,Stereo7 Games,Tower Defense,$4.1k ($2k - $6.2k),$32.4k,850.0,52.101,75000.0,0.3208013009465646
3054090,Idle Tower Defense,ZNZ Games,Tower Defense,$31.7k ($19.5k - $43.9k),$31.7k,430.0,47.061,10000.0,0.2791548499018678
538920,Fiery Disaster,Vogelfänger,Tower Defense,$3.2k ($654 - $5.8k),$9k,618.0,47.997,10000.0,0.2525754062480783
1385730,Mosaique Neko Waifus 3,Lil Hentai Games,Visual Novel,$40.8k ($23k - $58.5k),$424.8k,366.0,94.61,150000.0,0.3973126857254925
1427340,Witchy Life Story,Sundew Studios,Visual Novel,$838.2k ($524.3k - $1.1m),$848.6k,265.0,82.49,35000.0,0.3894882507471309
3173890,Half Billion: Love Choice,坤舆科技,Visual Novel,$266.1k ($191.5k - $340.6k),$385.8k,633.0,70.28,35000.0,0.3841008668690622
2673490,Seifuku Kanojo,HIKARI PULSE,Visual Novel,$350.8k ($215.3k - $486.3k),$545.2k,238.0,73.89,75000.0,0.3800756414333633
2510810,突然＊恋人,HIKARI FIELD,Visual Novel,$153.7k ($100.4k - $206.9k),$46.9m,361.0,87.597,10000.0,0.3685937670132743
1205960,My Cute Fuhrer,Tranquility games,Visual Novel,$47.2k ($25.5k - $68.9k),$331.9k,281.0,85.82,75000.0,0.3658658334088795
581130,Metal Waltz: Anime tank girls,WuL Game Studio,Visual Novel,$294.9k ($183k - $406.7k),$294.9k,601.0,0.0,350000.0,0.3640168868932351
429580,A Wild Catgirl Appears!,NewWestGames,Visual Novel,$43.4k ($8.6k - $78.2k),$94.8k,469.0,56.961,150000.0,0.3617191729879433
2781750,Sisters: Last Day of Summer,JAST,Visual Novel,$218.7k ($130.7k - $306.7k),$10.1m,412.0,75.393,10000.0,0.3589984116124596
2514640,All in Abyss: Judge the Fake,Alliance Arts,Visual Novel,$146.1k ($98.5k - $193.7k),$19.4m,432.0,48.897,35000.0,0.3589181421028914
1113680,Hentai Girl Division,Mature Games,Visual Novel,$60.5k ($30.3k - $90.8k),$416.9k,362.0,81.55,35000.0,0.356912473230436
264380,Narcissu 1st & 2nd,Sekai Project,Visual Novel,0,$39.2m,399.0,86.4,350000.0,0.3528122363776534
310360,Higurashi When They Cry Hou - Ch.1 Onikakushi,MangaGamer,Visual Novel,0,$15.5m,350.0,96.35,350000.0,0.3527371670771142
2460980,Tide—1927—,咕咕制作组,Visual Novel,$19.6k ($10.1k - $29.1k),$21.1k,477.0,78.75,75000.0,0.3505486583727668
3027600,"Love, Elections, and Chocolate",NekoNyan Ltd.,Visual Novel,$146.4k ($105.4k - $187.3k),$29.6m,248.0,82.089,10000.0,0.3488015621972067
2812850,Love Chase,Topgame,Visual Novel,$59.1k ($38.2k - $80k),$59.3k,352.0,75.51,35000.0,0.341300373332598
1642580,明星志願2000,SOFTSTAR ENTERTAINMENT,Visual Novel,$27.8k ($15.7k - $40k),$29.9m,288.0,76.08600000000001,10000.0,0.3232876050882247
568770,Cinderella Phenomenon - Otome/Visual Novel,Dicesuki,Visual Novel,0,$45.5k,341.0,90.0,350000.0,0.3201922230757041
1879640,甜點王子2 典藏版,EnjoyPlay Corp.,Visual Novel,$37.4k ($21.1k - $53.8k),$37.4k,235.0,80.244,10000.0,0.2968636944334887
3068300,Katawa Shoujo,Four Leaf Studios,Visual Novel,0,$0 ,428.0,0.0,150000.0,0.161352831487948
