appid,name,publisher_main,Selected_Genre,game_revenue,publisher_revenue,peak_players,adjusted_rating,owners_midpoint,total_score
289070,Sid Meier’s Civilization VI,2K,4X,$380.3m ($259.2m - $501.3m),$1.7b,162314.0,85.92,15000000.0,0.8489996642633197
8930,Sid Meier's Civilization V,2K,4X,$166.9m ($103.7m - $230.1m),$1.7b,91020.0,95.43,15000000.0,0.8286336518512294
1158310,Crusader Kings III,Paradox Interactive,4X,$153m ($93.4m - $212.5m),$1.1b,98474.0,90.76,3500000.0,0.7906427291413758
1363080,Manor Lords,Hooded Horse,4X,$86m ($56.9m - $115m),$205m,172605.0,85.45,3500000.0,0.7871358979563475
236850,Europa Universalis IV,Paradox Interactive,4X,$75.5m ($49.6m - $101.4m),$1.1b,47844.0,87.34,7500000.0,0.7716642585301514
281990,Stellaris,Paradox Interactive,4X,$110.9m ($79.9m - $141.9m),$1.1b,68517.0,86.75,3500000.0,0.7707070652983665
289130,ENDLESS Legend,AMPLITUDE Studios,4X,$28.3m ($16m - $40.6m),$86.3m,88785.0,83.95,3500000.0,0.7451685886526422
204880,Sins of a Solar Empire: Rebellion,Stardock Entertainment,4X,$10.5m ($5.9m - $15.1m),$62.5m,91159.0,93.66,3500000.0,0.7399184625706449
1295660,Sid Meier's Civilization VII,2K,4X,$74.2m ($49.8m - $98.7m),$1.7b,84558.0,47.69,1500000.0,0.7151069002221324
466560,Northgard,Shiro Games,4X,$42.5m ($30.4m - $54.6m),$90.7m,20083.0,85.98,3500000.0,0.7072799865954779
392110,ENDLESS Space 2,AMPLITUDE Studios,4X,$20m ($13.9m - $26m),$86.3m,53435.0,84.13,1500000.0,0.7055781288822705
1669000,Age of Wonders 4,Paradox Interactive,4X,$42m ($24.6m - $59.5m),$1.1b,42826.0,82.12,750000.0,0.7028596572079212
1124300,HUMANKIND,AMPLITUDE Studios,4X,$25m ($16.2m - $33.8m),$86.3m,55232.0,67.93,1500000.0,0.6936118798481149
226840,Age of Wonders III,Paradox Interactive,4X,$9.9m ($5.7m - $14m),$1.1b,18477.0,81.7,1500000.0,0.6709188798591099
208140,ENDLESS Space - Definitive Edition,AMPLITUDE Studios,4X,$3.4m ($1.6m - $5.2m),$86.3m,41009.0,79.65,1500000.0,0.6671224138234042
885970,Total War: ROME REMASTERED,SEGA,4X,$13m ($8m - $18.1m),$1.6b,18407.0,76.99,750000.0,0.6561099313438219
232050,Eador. Masters of the Broken World,Snowbird Games,4X,$973.6k ($549.9k - $1.3m),$2m,115993.0,67.48,1500000.0,0.6528303960617311
4700,Total War: MEDIEVAL II – Definitive Edition,SEGA,4X,$4.8m ($2.6m - $7.1m),$1.6b,8419.0,95.55,1500000.0,0.6515267170952754
32470,STAR WARS Empire at War - Gold Pack,LucasArts,4X,$12.9m ($7.9m - $17.8m),$124.9m,5686.0,97.72,1500000.0,0.6449957498550312
1605220,Dune: Spice Wars,Funcom,4X,$11.4m ($7.8m - $15m),$198.2m,7986.0,79.3,1500000.0,0.6372379824558885
1085660,Destiny 2,Bungie,Action,$912.3m ($522.3m - $1.3b),$912.4m,316651.0,75.59,35000000.0,0.8884014938020371
1174180,Red Dead Redemption 2,Rockstar Games,Action,$439.2m ($323.3m - $555.1m),$770.8m,99759.0,92.08,15000000.0,0.8387981170376333
304390,FOR HONOR,Ubisoft,Action,$171.8m ($107.4m - $236.2m),$2.4b,216499.0,69.77,7500000.0,0.8161239163032749
601150,Devil May Cry 5,"CAPCOM Co., Ltd.",Action,$132.4m ($83.4m - $181.5m),$1.8b,88735.0,96.25,7500000.0,0.8100084108998229
1172620,Sea of Thieves: 2025 Edition,Xbox Game Studios,Action,$273.9m ($193.4m - $354.4m),$1.8b,66632.0,89.34,7500000.0,0.8047781249860204
221380,Age of Empires II (Retired),Xbox Game Studios,Action,$63.8m ($34.6m - $92.9m),$1.8b,27618.0,95.8,7500000.0,0.7627802602931475
678960,CODE VEIN,Bandai Namco Entertainment,Action,$71.8m ($50.2m - $93.3m),$1.7b,33804.0,83.84,3500000.0,0.7414450225951685
848450,Subnautica: Below Zero,Unknown Worlds Entertainment,Action,$48.7m ($38m - $59.5m),$185.6m,42057.0,90.36,3500000.0,0.7396163049511387
2384580,DYNASTY WARRIORS: ORIGINS,"KOEI TECMO GAMES CO., LTD.",Action,$49.2m ($32.1m - $66.3m),$424.5m,69318.0,92.78,750000.0,0.7266852561283318
1942280,Brotato,Blobfish,Action,$21.3m ($13.5m - $29m),$21.4m,38761.0,96.64,3500000.0,0.7221045909779557
1693980,Dead Space,Electronic Arts,Action,$50.6m ($39.2m - $62.1m),$4.5b,28842.0,91.08,750000.0,0.7083346110984544
1254120,Bless Unleashed,VALOFE,Action,$9.8m ($6.6m - $12.9m),$27.3m,76273.0,56.997,3500000.0,0.6931002261803603
48000,LIMBO,Playdead,Action,$6.1m ($3.8m - $8.5m),$21.1m,27454.0,91.75,3500000.0,0.6882756402446543
2993780,FANTASY LIFE i: The Girl Who Steals Time,LEVEL5 Inc.,Action,$24.8m ($16.9m - $32.7m),$37.7m,65347.0,92.24,350000.0,0.6869014115428913
555160,Pavlov,Vankrupt Games,Action,$24.5m ($16.8m - $32.2m),$24.4m,17629.0,89.33,1500000.0,0.6739743899872519
699130,World War Z,Saber Interactive Inc,Action,$35.3m ($22.7m - $47.9m),$35.3m,7943.0,83.43,1500000.0,0.6502550388888595
1256670,Library Of Ruina,ProjectMoon,Action,$13m ($9.5m - $16.4m),$108.8m,7211.0,94.48,1500000.0,0.6486300599325958
274940,Depth,Digital Confectioners,Action,$11.7m ($7.9m - $15.4m),$11.7m,10775.0,89.64,1500000.0,0.645138197391159
240760,Wasteland 2: Director's Cut,inXile Entertainment,Action,$9.8m ($7.3m - $12.3m),$49m,18576.0,82.38,750000.0,0.6427557909163022
826630,Iron Harvest,Prime Matter,Action,$27.6m ($16.8m - $38.5m),$76.6m,8145.0,74.23,1500000.0,0.6415528116075031
1623730,Palworld,Pocketpair,Adventure,$414.2m ($260.2m - $568.3m),$438m,2101535.0,94.14,75000000.0,0.9680884452624152
346110,ARK: Survival Evolved,Studio Wildcard,Adventure,$456.5m ($309.6m - $603.4m),$538.1m,247292.0,83.87,35000000.0,0.8767106282132638
1222670,The Sims 4,Electronic Arts,Adventure,$159.5m ($85.2m - $233.9m),$4.5b,96185.0,86.02,15000000.0,0.8244227954307625
2215430,Ghost of Tsushima DIRECTOR'S CUT,PlayStation Publishing LLC,Adventure,$103.4m ($74.1m - $132.8m),$1.3b,77154.0,93.7,3500000.0,0.7810478800925578
1364780,Street Fighter 6,"CAPCOM Co., Ltd.",Adventure,$126.8m ($84.5m - $169.1m),$1.8b,70540.0,83.73,3500000.0,0.7726394273665176
1468810,鬼谷八荒 Tale of Immortal,鬼谷工作室,Adventure,$75m ($50m - $100m),$75m,183985.0,55.34,3500000.0,0.7526409266007752
298110,Far Cry® 4,Ubisoft,Adventure,$54.9m ($43.8m - $66m),$2.4b,16946.0,84.4,3500000.0,0.7181871088532706
2072450,Like a Dragon: Infinite Wealth,SEGA,Adventure,$26.4m ($19.6m - $33.1m),$1.6b,46029.0,91.02,750000.0,0.7088672688978914
346900,AdVenture Capitalist,Hyper Hippo Games,Adventure,$9.9m ($6.8m - $13m),$10m,22927.0,86.71,7500000.0,0.6985685784361176
1113560,NieR Replicant ver.1.22474487139...,Square Enix,Adventure,$25.8m ($17.6m - $33.9m),$1b,28509.0,87.99,750000.0,0.6886415972420146
527230,For The King,Curve Games,Adventure,$25.2m ($15.3m - $35.1m),$196.4m,9840.0,87.67,3500000.0,0.6825811803533887
324800,Shadow Warrior 2,Devolver Digital,Adventure,$34.4m ($19.2m - $49.5m),$501.4m,12484.0,87.33,1500000.0,0.6791606106565752
751780,Forager,Humble Games,Adventure,$23.1m ($15.3m - $30.9m),$202.5m,13403.0,90.27,1500000.0,0.6746338076217792
834910,ATLAS,Grapeshot Games,Adventure,$24m ($16.3m - $31.7m),$24m,58788.0,46.68,1500000.0,0.6681732235518041
33230,Assassin's Creed 2,Ubisoft,Adventure,$27.1m ($20.1m - $34.1m),$2.4b,3582.0,89.24,3500000.0,0.6646292806361868
1084600,My Time at Sandrock,Pathea Games,Adventure,$24m ($17.2m - $30.7m),$29.2m,21620.0,88.06,750000.0,0.6639563138698054
414340,Hellblade: Senua's Sacrifice,Ninja Theory,Adventure,$25.3m ($16.2m - $34.4m),$26m,5619.0,90.26,3500000.0,0.6592169210256332
32370,STAR WARS Knights of the Old Republic,LucasArts,Adventure,$14.7m ($9.5m - $20m),$124.9m,5593.0,91.07,3500000.0,0.6587118320661921
383180,Dead Island: Riptide Definitive Edition,Deep Silver,Adventure,$3.5m ($1.8m - $5.2m),$567.3m,20450.0,76.14,1500000.0,0.6505344652236908
2375550,Like a Dragon Gaiden: The Man Who Erased His Name,SEGA,Adventure,$9.6m ($7.2m - $12.1m),$1.6b,13737.0,95.98,350000.0,0.6445837989268502
3097560,Liar's Bar,Curve Animation,Card & Board,$39.7m ($23.2m - $56.1m),$39.5m,109419.0,90.09,3500000.0,0.7593709317083712
880940,Pummel Party,Rebuilt Games,Card & Board,$14.6m ($6.7m - $22.5m),$14.6m,20334.0,89.11,3500000.0,0.6874418907086127
2427700,Backpack Battles,IndieArk,Card & Board,$13.1m ($8.4m - $17.7m),$96m,36348.0,91.44,750000.0,0.6797329876801336
1189490,觅长生,Chalcedony Network,Card & Board,$13.7m ($8.8m - $18.6m),$13.7m,26379.0,93.28,1500000.0,0.6794946518565885
1676840,For The King II,Curve Games,Card & Board,$16.6m ($10.9m - $22.3m),$196.4m,28528.0,70.27,750000.0,0.6575199730531174
544810,KARDS - The WWII Card Game,1939 Games,Card & Board,$12.9m ($7.4m - $18.4m),$12.9m,8913.0,60.003,3500000.0,0.6303887739367725
434170,The Jackbox Party Pack 3,"Jackbox Games, Inc.",Card & Board,$13.9m ($8.6m - $19.3m),$65.9m,10894.0,96.56,350000.0,0.6297021952117688
2742830,Monster Train 2,Big Fan Games,Card & Board,$7.9m ($5.2m - $10.6m),$8.6m,18467.0,95.72,350000.0,0.6282728990938791
780290,Gloomhaven,Twin Sails Interactive,Card & Board,$14.2m ($9.3m - $19.2m),$35.3m,6900.0,83.18,750000.0,0.6168652532983688
329110,Gems of War - Puzzle RPG,505 Games,Card & Board,$14.5m ($8.6m - $20.4m),$293.6m,2965.0,73.73700000000001,1500000.0,0.606152305895451
1005300,The Jackbox Party Pack 6,"Jackbox Games, Inc.",Card & Board,$8.5m ($4.7m - $12.3m),$65.9m,6387.0,95.19,350000.0,0.6046367800058362
1874490,Potionomics,XSEED Games,Card & Board,$5.2m ($3.8m - $6.5m),$125.7m,4570.0,90.75,750000.0,0.6025213031671388
39150,FINAL FANTASY VIII,Square Enix,Card & Board,$3.2m ($2.2m - $4.2m),$1b,4457.0,87.86,750000.0,0.6006720809211197
1811990,Wildfrost,Chucklefish,Card & Board,$4.3m ($3m - $5.6m),$84m,5064.0,82.75,750000.0,0.5931933102761743
1533420,Neon White,Annapurna Interactive,Card & Board,$9.3m ($6.5m - $12.1m),$188.4m,3238.0,98.09,350000.0,0.5923083639817267
610180,The Jackbox Party Pack 4,"Jackbox Games, Inc.",Card & Board,$6.7m ($4.1m - $9.4m),$65.9m,3829.0,94.87,350000.0,0.5850068059142235
2622000,Astral Party ,Neverland Entertainment,Card & Board,$7.1m ($4.8m - $9.4m),$11.2m,34336.0,0.0,1500000.0,0.5837557331497046
1785150,Friends vs Friends,Raw Fury,Card & Board,$4.2m ($2.7m - $5.6m),$99.5m,5531.0,84.06,350000.0,0.5805384118467356
1244800,Terraformers,Goblinz Publishing,Card & Board,$2.8m ($1.5m - $4.1m),$29.1m,1837.0,88.46,1500000.0,0.5722686100724687
276810,Mordheim: City of the Damned,Nacon,Card & Board,$6.2m ($4.2m - $8.2m),$157.6m,2715.0,72.34,750000.0,0.5714685222797815
620980,Beat Saber,Beat Games,Casual,$71.6m ($49m - $94.3m),$71.6m,42095.0,95.66,3500000.0,0.7464806771068837
1621690,Core Keeper,Fireshine Games,Casual,$42m ($26.6m - $57.4m),$67m,46355.0,92.81,1500000.0,0.7195778778784514
2185060,Two Point Museum,SEGA,Casual,$13.8m ($8.5m - $19.2m),$1.6b,17237.0,95.04,350000.0,0.6559501184992441
2296990,We Were Here Expeditions: The FriendShip,Total Mayhem Games,Casual,$3.5m ($1.6m - $5.4m),$34.2m,22179.0,82.62,1500000.0,0.6475136448633768
1703340,The Stanley Parable: Ultra Deluxe,Crows Crows Crows,Casual,$18.3m ($13.5m - $23.2m),$19.3m,6477.0,94.24,1500000.0,0.6426292479464548
683320,GRIS,Devolver Digital,Casual,$11.9m ($8.5m - $15.4m),$501.4m,2467.0,96.19,3500000.0,0.6413711400139441
673950,Farm Together,Milkstone Studios,Casual,$13.9m ($9.7m - $18.2m),$22.7m,6843.0,94.07,1500000.0,0.6408577141224987
1046930,Dota Underlords,Valve,Casual,$72.4k ($56.4k - $88.3k),$13.8b,202254.0,0.0,7500000.0,0.6385734554900505
621060,PC Building Simulator,The Irregular Corporation,Casual,$34.9m ($19m - $50.8m),$35.4m,3883.0,93.71,1500000.0,0.638234760775163
2780980,LOCKDOWN Protocol,Mirage Creative Lab,Casual,$11.4m ($7.3m - $15.5m),$11.4m,9318.0,86.46,1500000.0,0.636961562923971
644560,Mirror,Paradise Project,Casual,$3m ($1.5m - $4.5m),$3m,8116.0,96.33,3500000.0,0.6364371530968239
1649080,Two Point Campus,SEGA,Casual,$8.5m ($4m - $13m),$1.6b,7510.0,88.93,750000.0,0.6341251239672869
1341290,We Were Here Forever,Total Mayhem Games,Casual,$14.1m ($8.7m - $19.5m),$34.2m,8369.0,91.13,750000.0,0.6305736071356342
341800,Keep Talking and Nobody Explodes,Steel Crate Games,Casual,$3.6m ($2m - $5.1m),$3.6m,3359.0,97.45,1500000.0,0.5946724714529834
1296610,Peglin,Red Nexus Games Inc.,Casual,$13.7m ($9.8m - $17.5m),$13.7m,3748.0,83.33,750000.0,0.5935358861191389
1009560,The Tenants,Frozen District,Casual,$6.4m ($3.9m - $8.8m),$99.1m,4258.0,79.73,750000.0,0.5912875273961845
1629520,A Little to the Left,Secret Mode,Casual,$14.9m ($8.8m - $21m),$74.5m,3128.0,91.9,350000.0,0.5879143817125344
1594940,Little Witch in the Woods,SUNNY SIDE UP,Casual,$4.9m ($3.4m - $6.4m),$4.9m,4748.0,88.91,750000.0,0.5870997599373244
397460,The Jackbox Party Pack 2,"Jackbox Games, Inc.",Casual,$3.5m ($2.1m - $4.8m),$65.9m,4929.0,95.72,350000.0,0.5842388402195002
1245560,Roots of Pacha,Soda Den,Casual,$3.4m ($2.2m - $4.7m),$3.4m,6062.0,93.69,350000.0,0.575495547322706
255710,Cities: Skylines,Paradox Interactive,City Builder,$162.5m ($109.5m - $215.6m),$1.1b,57421.0,92.96,15000000.0,0.809632895733843
1466860,Age of Empires IV: Anniversary Edition,Xbox Game Studios,City Builder,$90.1m ($63.6m - $116.7m),$1.8b,73629.0,86.14,3500000.0,0.771414101591213
703080,Planet Zoo,Frontier Developments,City Builder,$118.6m ($73.4m - $163.7m),$430.9m,38457.0,91.05,3500000.0,0.7540854890393145
493340,Planet Coaster,Frontier Developments,City Builder,$91.7m ($57.9m - $125.6m),$430.9m,21828.0,91.08,3500000.0,0.7328290797501475
233450,Prison Architect,Paradox Interactive,City Builder,$34.9m ($23.9m - $45.9m),$1.1b,16211.0,89.64,7500000.0,0.7292195253492968
916440,Anno 1800,Ubisoft,City Builder,$41.6m ($25.7m - $57.5m),$2.4b,25214.0,81.78,1500000.0,0.7048459635672095
1244460,Jurassic World Evolution 2,Frontier Developments,City Builder,$49.1m ($30.7m - $67.5m),$430.9m,20921.0,90.52,1500000.0,0.7028776060730298
242920,Banished,Shining Rock Software LLC,City Builder,$19.1m ($14.7m - $23.5m),$19.1m,24568.0,90.08,3500000.0,0.6993314238433745
933110,Age of Empires III: Definitive Edition,Xbox Game Studios,City Builder,$19.7m ($7.8m - $31.6m),$1.8b,18142.0,84.21,1500000.0,0.6849822055215744
492720,Tropico 6,Kalypso Media,City Builder,$42.5m ($26.1m - $59m),$91.9m,15170.0,87.81,1500000.0,0.6814863870562083
1062090,Timberborn,Mechanistry,City Builder,$32.1m ($20.7m - $43.5m),$32m,13017.0,95.92,1500000.0,0.676273037572437
1601580,Frostpunk 2,11 bit studios,City Builder,$27.6m ($19.9m - $35.4m),$176.2m,14925.0,74.83,750000.0,0.6489471763598847
1465460,Infection Free Zone,Games Operators,City Builder,$14m ($10.2m - $17.8m),$28.2m,19378.0,79.91,750000.0,0.6444098308119418
1455840,Dorfromantik,Toukana Interactive,City Builder,$14.7m ($9.1m - $20.4m),$16.4m,7063.0,96.64,1500000.0,0.6438349738220568
2688950,Planet Coaster 2,Frontier Developments,City Builder,$15.2m ($10.7m - $19.7m),$430.9m,13648.0,70.73,350000.0,0.6201399268206875
333420,Cossacks 3,GSC Game World,City Builder,$10.4m ($7.3m - $13.5m),$20.3m,5533.0,81.69,1500000.0,0.6171712282416922
503940,Railway Empire,Kalypso Media,City Builder,$16m ($10.2m - $21.8m),$91.9m,5404.0,82.63,750000.0,0.6145772855432468
1509510,Settlement Survival,Team17,City Builder,$6.8m ($4.3m - $9.2m),$491.6m,5597.0,86.23,350000.0,0.5969291761646516
933820,Endzone - A World Apart,Assemble Entertainment,City Builder,$7.3m ($4.3m - $10.4m),$24.3m,6374.0,76.15,750000.0,0.5960890684763167
1937500,Let's School,Pathea Games,City Builder,$5.2m ($3.4m - $7.1m),$29.2m,7240.0,92.76,350000.0,0.5954529107468639
1203220,NARAKA: BLADEPOINT,NetEase Games Global,Fighting,$379.2m ($262.3m - $496.1m),$379.2m,385770.0,72.68,15000000.0,0.8560838712727977
1790600,DRAGON BALL: Sparking! ZERO,Bandai Namco Entertainment,Fighting,$89.5m ($64.3m - $114.7m),$1.7b,120000.0,88.76,3500000.0,0.788831086380454
678950,DRAGON BALL FighterZ,Bandai Namco Entertainment,Fighting,$54.6m ($39.2m - $69.9m),$1.7b,44234.0,90.91,3500000.0,0.7528799278014429
1515950,Capcom Arcade Stadium,"CAPCOM Co., Ltd.",Fighting,$2.3m ($1.2m - $3.4m),$1.8b,481088.0,73.863,1500000.0,0.7449352187171563
629760,MORDHAU,Triternion,Fighting,$73.2m ($51.1m - $95.2m),$73.2m,60204.0,80.57,3500000.0,0.7428589324649688
208650,Batman: Arkham Knight,WB Games,Fighting,$46.3m ($32.8m - $59.9m),$198.6m,25623.0,92.28,3500000.0,0.7257433391463324
1755910,Capcom Arcade 2nd Stadium,"CAPCOM Co., Ltd.",Fighting,$1.8m ($1m - $2.7m),$1.8b,458580.0,59.49,1500000.0,0.725481709901497
851850,DRAGON BALL Z: KAKAROT,Bandai Namco Entertainment Inc.,Fighting,$50m ($34.4m - $65.7m),$237.6m,25715.0,93.01,1500000.0,0.7094795819090228
1384160,GUILTY GEAR -STRIVE-,Arc System Works,Fighting,$46m ($30.3m - $61.7m),$87.6m,30939.0,88.8,1500000.0,0.7055039505826293
1778820,TEKKEN 8,Bandai Namco Entertainment,Fighting,$64.3m ($45.5m - $83m),$1.7b,46139.0,55.7,1500000.0,0.7022841808117624
349040,NARUTO SHIPPUDEN: Ultimate Ninja STORM 4,BANDAI NAMCO Entertainment,Fighting,$53.1m ($34.7m - $71.5m),$478.1m,8372.0,90.86,3500000.0,0.6954214661756686
323470,DRAGON BALL XENOVERSE,BANDAI NAMCO Entertainment,Fighting,$23m ($17.5m - $28.6m),$478.1m,22782.0,89.77,1500000.0,0.694183949331874
454650,DRAGON BALL XENOVERSE 2,Bandai Namco Entertainment,Fighting,$30.9m ($23m - $38.9m),$1.7b,13570.0,90.23,1500000.0,0.6883203974278276
1971870,Mortal Kombat 1,Warner Bros. Games,Fighting,$39m ($28.3m - $49.7m),$882.3m,26576.0,72.67,750000.0,0.6765843710964592
629730,Blade and Sorcery,WarpFrog,Fighting,$36.8m ($26.9m - $46.6m),$36.8m,10235.0,96.71,1500000.0,0.6722014740358906
775500,SCARLET NEXUS,BANDAI NAMCO Entertainment,Fighting,$22.1m ($14.5m - $29.7m),$478.1m,14479.0,81.52,1500000.0,0.6712927739032608
200260,Batman: Arkham City - Game of the Year Edition,WB Games,Fighting,$10.5m ($6.6m - $14.3m),$198.6m,6822.0,95.88,3500000.0,0.6667794237249421
35140,Batman: Arkham Asylum Game of the Year Edition,WB Games,Fighting,$10m ($6.1m - $13.8m),$198.6m,6739.0,96.13,3500000.0,0.6659413214066044
544750,SOULCALIBUR VI,BANDAI NAMCO Entertainment,Fighting,$12.5m ($6.9m - $18.1m),$478.1m,14486.0,82.76,1500000.0,0.6642643732973718
1089090,ONE PIECE: PIRATE WARRIORS 4,BANDAI NAMCO Entertainment,Fighting,$20.1m ($12.3m - $27.8m),$478.1m,7222.0,91.84,1500000.0,0.6587081587659868
1966720,Lethal Company,Zeekerss,Horror,$144.1m ($101.4m - $186.8m),$144.5m,239369.0,97.14,15000000.0,0.8476107336247656
782330,DOOM Eternal,Bethesda Softworks,Horror,$169.8m ($121.6m - $217.9m),$2.1b,84865.0,91.51,7500000.0,0.8081543105785821
232770,POSTAL,Running With Scissors,Horror,0,$19.5m,408008.0,85.89,3500000.0,0.7615799142033914
391720,Layers of Fear (2016),Bloober Team SA,Horror,$9.1m ($5.4m - $12.8m),$23.7m,143872.0,90.01,3500000.0,0.744164011829779
976310,Mortal Kombat 11,Warner Bros. Games,Horror,$86.6m ($53.8m - $119.3m),$882.3m,27301.0,88.47,3500000.0,0.7393820753363709
418370,Resident Evil 7 Biohazard,"CAPCOM Co., Ltd.",Horror,$69m ($44.4m - $93.6m),$1.8b,18211.0,95.37,3500000.0,0.7335034956169386
418460,Rising Storm 2: Vietnam,Tripwire Interactive,Horror,$21.8m ($15.7m - $27.9m),$237.9m,24518.0,87.92,3500000.0,0.7098286714855158
307780,Mortal Kombat X,Warner Bros. Games,Horror,$51m ($33.7m - $68.3m),$882.3m,13649.0,88.05,3500000.0,0.7097846366937537
1562430,DREDGE,Team17,Horror,$34.4m ($23.5m - $45.4m),$491.6m,12686.0,95.73,1500000.0,0.6879918512240679
221040,Resident Evil 6,Capcom,Horror,$38.6m ($27.7m - $49.4m),$248m,11836.0,79.03,3500000.0,0.6868431817921674
2531310,The Last of Us Part II Remastered,PlayStation Publishing LLC,Horror,$33.5m ($22.8m - $44.1m),$1.3b,18345.0,90.8,750000.0,0.682720872026329
395170,DISTRAINT: Deluxe Edition,Jesse Makkonen,Horror,$230.7k ($141.5k - $319.9k),$554.6k,162795.0,93.44,3500000.0,0.6819108249741159
568220,Lobotomy Corporation | Monster Management Simulation,ProjectMoon,Horror,$21.7m ($15.2m - $28.1m),$108.8m,7920.0,94.18,1500000.0,0.6586848447654201
1987080,Inside the Backrooms,MrFatcat,Horror,$17.5m ($10.9m - $24.1m),$17.5m,14807.0,81.97,1500000.0,0.6548775927404921
752590,A Plague Tale: Innocence,Focus Entertainment,Horror,$25.4m ($18.7m - $32.1m),$728.4m,4030.0,93.37,1500000.0,0.6473772679233702
934700,Dead Island 2,Deep Silver,Horror,$18.3m ($13.1m - $23.4m),$567.3m,12054.0,77.41,750000.0,0.6439472427160123
282140,SOMA,Frictional Games,Horror,$11m ($7.9m - $14.1m),$30.8m,4015.0,95.95,3500000.0,0.6431224346365667
21690,Resident Evil 5,Capcom,Horror,$27.8m ($19.4m - $36.2m),$248m,2568.0,87.73,1500000.0,0.6244656415133898
813230,ANIMAL WELL,Bigmode,Horror,$13m ($9.1m - $16.8m),$13.8m,8107.0,95.76,350000.0,0.6120769039784802
1419170,My Singing Monsters,Big Blue Bubble,Horror,$8.7m ($5.7m - $11.7m),$9.4m,3909.0,90.0,1500000.0,0.608844304569459
526870,Satisfactory,Coffee Stain Publishing,Indie,$170.8m ($113.6m - $228.1m),$592.7m,185957.0,97.31,15000000.0,0.8484752824192444
899770,Last Epoch,Eleventh Hour Games,Indie,$82.3m ($55.4m - $109.3m),$82.2m,258503.0,78.7,35000000.0,0.8399438473592149
227300,Euro Truck Simulator 2,SCS Software,Indie,$122.5m ($92.7m - $152.2m),$173.1m,69695.0,97.45,15000000.0,0.8081055801599548
244210,Assetto Corsa,Kunos Simulazioni,Indie,$112.5m ($75.3m - $149.7m),$112.5m,19780.0,92.49,7500000.0,0.7454941613958463
1296830,暖雪 Warm Snow,bilibili,Indie,$21.1m ($13.8m - $28.4m),$133.8m,44545.0,93.03,1500000.0,0.7115168722295468
274170,Hotline Miami 2: Wrong Number,Devolver Digital,Indie,$12.7m ($9.1m - $16.3m),$501.4m,18882.0,94.15,3500000.0,0.7033169599582656
1222700,A Way Out,Electronic Arts,Indie,$29.9m ($19.6m - $40.1m),$4.5b,8548.0,87.06,3500000.0,0.6935090996230403
714010,Aim Lab,Statespace,Indie,$24.6m ($13.5m - $35.6m),$24.6m,15141.0,70.272,3500000.0,0.6692475074190276
274190,Broforce,Devolver Digital,Indie,$18.8m ($12.7m - $25m),$501.4m,4285.0,97.0,3500000.0,0.6659332319406202
972660,Spiritfarer: Farewell Edition,Thunder Lotus,Indie,$21m ($14.3m - $27.8m),$26.5m,11726.0,95.05,1500000.0,0.6651874371321199
590380,Into the Breach,Subset Games,Indie,$12m ($7.9m - $16m),$30.8m,14573.0,94.2,1500000.0,0.6635761256176538
690830,Foundation,Polymorph Games,Indie,$26.5m ($18.2m - $34.7m),$26.5m,18422.0,85.87,750000.0,0.6578276275998453
1190970,House Flipper 2,Frozen District,Indie,$34.3m ($21.9m - $46.7m),$99.1m,21829.0,86.69,350000.0,0.6562240635631497
204300,Awesomenauts,Atari,Indie,$4.9m ($2.4m - $7.4m),$37.7m,12050.0,85.07,3500000.0,0.6553707395772858
704850,Thief Simulator,PlayWay S.A.,Indie,$18.1m ($9.4m - $26.8m),$275.8m,7186.0,88.46,1500000.0,0.6512856179262403
1029780,Going Medieval,Mythwright,Indie,$16.2m ($11m - $21.4m),$41.3m,14600.0,89.52,750000.0,0.6490264114472954
240720,Getting Over It with Bennett Foddy,Bennett Foddy,Indie,$18.1m ($13.3m - $22.9m),$18.1m,4959.0,82.72,3500000.0,0.6413689356064989
326460,ShellShock Live,kChamp Games,Indie,$13.2m ($8.4m - $18.1m),$13.3m,7346.0,93.39,1500000.0,0.6393323924153942
2407270,AI LIMIT,CE-Asia,Indie,$14m ($8.7m - $19.4m),$18.2m,14433.0,92.76,350000.0,0.6292017514525576
510840,Evolvation,HyperReuts,Indie,$180.7k ($36.1k - $325.3k),$180.7k,100638.0,61.875,1500000.0,0.6080277940871589
582010,Monster Hunter: World,"CAPCOM Co., Ltd.",JRPG,$427.1m ($281.3m - $572.9m),$1.8b,329333.0,89.15,15000000.0,0.8760901201936593
1687950,Persona 5 Royal,SEGA,JRPG,$101.5m ($64.5m - $138.6m),$1.6b,35298.0,96.58,3500000.0,0.7603269897510971
2679460,Metaphor: ReFantazio,SEGA,JRPG,$52.6m ($34.5m - $70.8m),$1.6b,85194.0,90.5,1500000.0,0.7529810260146971
524220,NieR:Automata,Square Enix,JRPG,$121.7m ($87.8m - $155.5m),$1b,23813.0,88.23,3500000.0,0.7403907095810744
1056640,Phantasy Star Online 2,SEGA,JRPG,$61.4m ($40.9m - $82m),$1.6b,59197.0,64.287,3500000.0,0.7366726466045871
637650,FINAL FANTASY XV WINDOWS EDITION,Square Enix,JRPG,$56m ($40.4m - $71.5m),$1b,29279.0,83.4,3500000.0,0.7306652006965777
1325200,Nioh 2 – The Complete Edition,"KOEI TECMO GAMES CO., LTD.",JRPG,$49.1m ($34.1m - $64.1m),$424.5m,41273.0,87.95,1500000.0,0.7212881261120279
1113000,Persona 4 Golden,SEGA,JRPG,$29.8m ($21.7m - $37.8m),$1.6b,29984.0,97.09,1500000.0,0.7189702978313252
453480,Shadowverse CCG,"Cygames, Inc.",JRPG,$52.5m ($29.9m - $75m),$209.9m,23929.0,72.693,3500000.0,0.7060584662286848
2909400,FINAL FANTASY VII REBIRTH,Square Enix,JRPG,$27.5m ($18.3m - $36.7m),$1b,36077.0,77.71,750000.0,0.6865608939187218
485510,Nioh: Complete Edition,"KOEI TECMO GAMES CO., LTD.",JRPG,$35m ($23.4m - $46.7m),$424.5m,10588.0,78.62,3500000.0,0.6838588577002578
638970,Yakuza 0,SEGA,JRPG,$26.5m ($18.4m - $34.7m),$1.6b,8907.0,95.63,1500000.0,0.6781959487676703
1235140,Yakuza: Like a Dragon,SEGA,JRPG,$32.2m ($22m - $42.3m),$1.6b,9508.0,94.22,750000.0,0.6661015701633004
2701660,DRAGON QUEST III HD-2D Remake,Square Enix,JRPG,$12.4m ($7.5m - $17.3m),$1b,45357.0,73.84,350000.0,0.6611092159454974
1971650,OCTOPATH TRAVELER II,Square Enix,JRPG,$21.1m ($14.7m - $27.4m),$1b,16994.0,94.11,350000.0,0.6587392948844131
429660,Tales of Berseria,BANDAI NAMCO Entertainment,JRPG,$15.2m ($9.8m - $20.7m),$478.1m,8018.0,91.73,1500000.0,0.6577738202257616
899440,GOD EATER 3,BANDAI NAMCO Entertainment,JRPG,$16.4m ($9.8m - $23.1m),$478.1m,9455.0,80.17,1500000.0,0.6524002069227182
1718570,ASTLIBRA Revision,WhisperGames,JRPG,$12.5m ($8.4m - $16.5m),$76m,7787.0,95.45,1500000.0,0.6498758392937782
898750,Super Robot Wars 30,Bandai Namco Entertainment,JRPG,$5.1m ($2.9m - $7.3m),$1.7b,16817.0,86.07,750000.0,0.6490647795099698
39140,FINAL FANTASY VII,Square Enix,JRPG,$9.9m ($7m - $12.7m),$1b,6424.0,92.66,1500000.0,0.6487657299583882
1599340,Lost Ark,Amazon Games,Massively Multiplayer,$441.1m ($230.5m - $651.6m),$795.5m,1324761.0,69.0,75000000.0,0.9320675864277408
230410,Warframe,Digital Extremes,Massively Multiplayer,$905.8m ($589m - $1.2b),$906.3m,181509.0,87.77,35000000.0,0.8832342837884367
552990,World of Warships,Wargaming Group Limited,Massively Multiplayer,$175.2m ($130.3m - $220m),$410.2m,400538.0,73.88,35000000.0,0.8665517230443366
236390,War Thunder,Gaijin Network Ltd,Massively Multiplayer,$468.1m ($288.8m - $647.3m),$516.7m,121180.0,71.44,35000000.0,0.8423450424273484
221100,DayZ,Bohemia Interactive,Massively Multiplayer,$320.5m ($200.6m - $440.4m),$619.3m,78739.0,77.87,15000000.0,0.8117071727157622
365590,Tom Clancy’s The Division,Ubisoft,Massively Multiplayer,$100.4m ($65.3m - $135.5m),$2.4b,113877.0,71.9,7500000.0,0.7905427947998972
444200,World of Tanks Blitz,Wargaming Group Limited,Massively Multiplayer,$175.3m ($106.3m - $244.4m),$410.2m,56489.0,74.73,15000000.0,0.7877333409737622
39210,FINAL FANTASY XIV Online,Square Enix,Massively Multiplayer,$96.4m ($47.7m - $145.1m),$1b,95102.0,86.37,3500000.0,0.778038448914101
306130,The Elder Scrolls Online,Bethesda Softworks,Massively Multiplayer,$97.5m ($58.7m - $136.4m),$2.1b,49061.0,82.49,7500000.0,0.7740696990510931
304050,Trove,gamigo US Inc.,Massively Multiplayer,$53.2m ($37.1m - $69.4m),$53.8m,58709.0,76.68,15000000.0,0.7648423205196699
1151340,Fallout 76,Bethesda Softworks,Massively Multiplayer,$101.3m ($61.6m - $141m),$2.1b,72930.0,75.66,3500000.0,0.7629793966716265
440900,Conan Exiles,Funcom,Massively Multiplayer,$87.2m ($56.7m - $117.6m),$198.2m,53402.0,78.7,7500000.0,0.7611648747516919
1286830,STAR WARS: The Old Republic,Electronic Arts,Massively Multiplayer,$119.6m ($76.7m - $162.4m),$4.5b,27416.0,79.569,7500000.0,0.7593480352657589
1677740,Stumble Guys,Scopely,Massively Multiplayer,$17.6m ($9.7m - $25.5m),$17.6m,43705.0,93.16,7500000.0,0.7358077957228425
433850,Z1 Battle Royale,Daybreak Game Company,Massively Multiplayer,$649.2k ($471.7k - $826.7k),$42.3m,150179.0,57.0,15000000.0,0.709119968934904
761890,Albion Online,Sandbox Interactive GmbH,Massively Multiplayer,$55.1m ($36.4m - $73.7m),$55m,27208.0,72.99,3500000.0,0.7053012931923223
745920,Temtem,Humble Games,Massively Multiplayer,$41.5m ($26.8m - $56.3m),$202.5m,39501.0,82.29,750000.0,0.6931036979492461
1343400,RuneScape ,Jagex Ltd,Massively Multiplayer,$52.5m ($30.9m - $74.1m),$104.9m,12508.0,78.21000000000001,3500000.0,0.6885191480994967
380600,Fishing Planet,Fishing Planet LLC,Massively Multiplayer,$50.2m ($34.1m - $66.4m),$50.9m,9926.0,69.72,7500000.0,0.6861824351282713
9900,Star Trek Online,Arc Games,Massively Multiplayer,$84.5m ($49.3m - $119.6m),$330.6m,7402.0,76.38,3500000.0,0.682270067314322
1172380,STAR WARS Jedi: Fallen Order,Electronic Arts,Metroidvania,$137.9m ($100.3m - $175.4m),$4.5b,46513.0,88.37,3500000.0,0.7695321531475809
1057090,Ori and the Will of the Wisps,Xbox Game Studios,Metroidvania,$77.1m ($53.9m - $100.3m),$1.8b,31224.0,96.56,3500000.0,0.7530137984348488
588650,Dead Cells,Motion Twin,Metroidvania,$84.3m ($60.8m - $107.7m),$93.9m,14880.0,97.06,7500000.0,0.7362854448660668
261570,Ori and the Blind Forest,Xbox Game Studios,Metroidvania,$22.5m ($15.1m - $29.8m),$1.8b,13048.0,94.18,3500000.0,0.7056879738983288
692850,Bloodstained: Ritual of the Night,505 Games,Metroidvania,$29.8m ($20m - $39.7m),$293.6m,26811.0,93.86,1500000.0,0.7050058306950469
387290,Ori and the Blind Forest: Definitive Edition,Xbox Game Studios,Metroidvania,$25.2m ($15.1m - $35.2m),$1.8b,9020.0,95.04,3500000.0,0.696760497855557
870780,Control Ultimate Edition,Remedy Entertainment,Metroidvania,$36.3m ($25.4m - $47.3m),$66m,9078.0,87.29,1500000.0,0.6613475306102519
312520,Rain World,Akupara Games,Metroidvania,$16.8m ($12.2m - $21.4m),$33.7m,10875.0,94.63,1500000.0,0.6602171924966935
2114740,Blasphemous 2,Team17,Metroidvania,$8.7m ($6.5m - $11m),$491.6m,9011.0,91.3,750000.0,0.6374287402610517
1649240,Returnal,PlayStation Publishing LLC,Metroidvania,$15.1m ($10.4m - $19.7m),$1.3b,6643.0,80.83,750000.0,0.6296734435580853
388410,Darksiders II Deathinitive Edition,THQ Nordic,Metroidvania,$9.8m ($6.6m - $13m),$387.4m,2903.0,78.77,3500000.0,0.625024951540423
257850,Hyper Light Drifter,Heart Machine,Metroidvania,$10.3m ($7.6m - $12.9m),$10.3m,4929.0,93.46,1500000.0,0.6223400761004294
236090,Dust: An Elysian Tail,Xbox Game Studios,Metroidvania,$6.5m ($4.6m - $8.4m),$1.8b,2651.0,95.21,1500000.0,0.6203054373861832
2725260,ENDER MAGNOLIA: Bloom in the Mist,Binary Haze Interactive,Metroidvania,$4.7m ($3.3m - $6.2m),$18.2m,14134.0,95.6,350000.0,0.6155281769420194
275390,Guacamelee! Super Turbo Championship Edition,Drinkbox Studios,Metroidvania,$1.1m ($599.3k - $1.7m),$12.7m,2687.0,93.44,7500000.0,0.6079753206974365
894020,Death's Door,Devolver Digital,Metroidvania,$6.3m ($4.5m - $8.2m),$501.4m,3740.0,93.27,750000.0,0.6075545459241352
553420,TUNIC,Finji,Metroidvania,$12m ($9.2m - $14.8m),$24.5m,2501.0,91.39,1500000.0,0.605184564074042
219890,Antichamber,Demruth,Metroidvania,$8m ($4.1m - $12m),$8m,2352.0,95.3,1500000.0,0.5965113718937702
283640,Salt and Sanctuary,Ska Studios,Metroidvania,$8.3m ($5.9m - $10.7m),$9.5m,2422.0,89.22,1500000.0,0.5925975678192025
234080,Castlevania: Lords of Shadow – Ultimate Edition,KONAMI,Metroidvania,$9.3m ($7.1m - $11.5m),$639.8m,1585.0,80.5,750000.0,0.5748765568017083
367520,Hollow Knight,Team Cherry,Platformer,$98.6m ($68.7m - $128.4m),$176.7m,95428.0,97.0,7500000.0,0.7987856712681224
203160,Tomb Raider,Crystal Dynamics,Platformer,$76.5m ($52.3m - $100.7m),$244.2m,89494.0,95.99,7500000.0,0.7934799093893191
424840,Little Nightmares,BANDAI NAMCO Entertainment,Platformer,$22.6m ($13.7m - $31.5m),$478.1m,77529.0,94.8,7500000.0,0.7729879743055692
278360,A Story About My Uncle,Coffee Stain Publishing,Platformer,$2.2m ($1.2m - $3.1m),$592.7m,189049.0,92.72,7500000.0,0.7655666671761057
1167630,Teardown,Tuxedo Labs,Platformer,$52.5m ($36.7m - $68.2m),$52.4m,8221.0,95.79,3500000.0,0.6901638425022447
1147560,Skul: The Hero Slayer,NEOWIZ,Platformer,$24.2m ($17m - $31.5m),$124.1m,18876.0,93.39,1500000.0,0.6869479581435928
1253920,Rogue Legacy 2,Cellar Door Games,Platformer,$16.3m ($10.7m - $21.9m),$26.4m,22811.0,91.0,1500000.0,0.67804360325136
860510,Little Nightmares II,BANDAI NAMCO Entertainment,Platformer,$26.6m ($17.9m - $35.4m),$478.1m,10484.0,93.02,1500000.0,0.675511288921546
788100,Neon Abyss,Team17,Platformer,$27.4m ($16.9m - $37.9m),$491.6m,6259.0,86.33,3500000.0,0.6723693832100013
1382330,Persona 5 Strikers,SEGA,Platformer,$22.5m ($15m - $29.9m),$1.6b,8654.0,89.41,1500000.0,0.6686902415304921
1509960,PICO PARK,TECOPARK,Platformer,$13.5m ($7.7m - $19.3m),$17.3m,16394.0,91.5,1500000.0,0.6637601124494485
2273430,BlazBlue Entropy Effect,91Act,Platformer,$17.4m ($11.6m - $23.2m),$17.4m,11842.0,94.84,750000.0,0.6452087801094196
969990,SpongeBob SquarePants: Battle for Bikini Bottom - Rehydrated,THQ Nordic,Platformer,$15.2m ($9.6m - $20.7m),$387.4m,5058.0,94.25,1500000.0,0.6451265996516692
953490,CARRION,Devolver Digital,Platformer,$11.1m ($8.2m - $14m),$501.4m,3730.0,94.65,1500000.0,0.6326274966341976
260230,Valiant Hearts: The Great War / Soldats Inconnus : Mémoires de la Grande Guerre,Ubisoft,Platformer,$6m ($3.8m - $8.2m),$2.4b,5683.0,95.45,750000.0,0.6286962809434309
1533390,Gorilla Tag,Another Axiom Inc.,Platformer,$26.7m ($16.8m - $36.6m),$26.7m,2491.0,93.36,1500000.0,0.6190323036467197
327030,Worms W.M.D,Team17,Platformer,$5.9m ($3.4m - $8.4m),$491.6m,4613.0,86.28,750000.0,0.6060090228089268
241600,Rogue Legacy,Cellar Door Games,Platformer,$8.9m ($5.8m - $11.9m),$26.4m,8049.0,92.41,350000.0,0.6057659633337573
225080,Brothers - A Tale of Two Sons,505 Games,Platformer,$5.5m ($3.4m - $7.6m),$293.6m,2019.0,94.48,1500000.0,0.6009443209475411
339610,Freestyle 2: Street Basketball,JOYCITY,Platformer,$27.5m ($18.7m - $36.4m),$27.7m,10305.0,59.787000000000006,350000.0,0.5973352703618352
641990,The Escapists 2,Team17,Puzzle,$12.7m ($7.3m - $18m),$491.6m,11156.0,90.97,3500000.0,0.6837427337665725
304430,INSIDE,Playdead,Puzzle,$14.9m ($10.6m - $19.2m),$21.1m,3840.0,97.08,3500000.0,0.6456671985057767
257510,The Talos Principle,Devolver Digital,Puzzle,$14.9m ($11m - $18.8m),$501.4m,3977.0,95.24,1500000.0,0.6394859162420119
882790,Fate Seeker,JSL Entertainment,Puzzle,$8.5m ($5.2m - $11.7m),$13m,16334.0,90.56,750000.0,0.6392166393148427
1127500,Mini Motorways,Dinosaur Polo Club,Puzzle,$10.6m ($6.8m - $14.3m),$18.4m,9914.0,96.24,750000.0,0.6341393360034934
1592190,BONELAB,Stress Level Zero,Puzzle,$15m ($9.8m - $20.2m),$49.4m,5616.0,80.38,750000.0,0.6099171674011783
835960,The Talos Principle 2,Devolver Digital,Puzzle,$4.9m ($3.5m - $6.3m),$501.4m,7258.0,95.26,350000.0,0.6093489496228222
320300,Car Mechanic Simulator 2015,PlayWay S.A.,Puzzle,$6.6m ($4.1m - $9m),$275.8m,4326.0,92.31,750000.0,0.609217356311096
736260,Baba Is You,Hempuli Oy,Puzzle,$13.5m ($8.9m - $18.2m),$14m,1493.0,97.94,1500000.0,0.5950893713537444
413420,Danganronpa 2: Goodbye Despair,"Spike Chunsoft Co., Ltd.",Puzzle,$10.4m ($7.5m - $13.3m),$94.5m,1848.0,96.23,750000.0,0.5888288358180584
653530,Return of the Obra Dinn,3909,Puzzle,$13.1m ($10m - $16.2m),$37.6m,1766.0,96.75,750000.0,0.5873534791985139
1097200,Twelve Minutes,Annapurna Interactive,Puzzle,$4m ($2.9m - $5m),$188.4m,4996.0,72.77,750000.0,0.5851805549274653
1262350,SIGNALIS,Humble Games,Puzzle,$9.1m ($6m - $12.2m),$202.5m,862.0,96.66,1500000.0,0.5825113543115841
236450,PAC-MAN Championship Edition DX+,BANDAI NAMCO Entertainment,Puzzle,$2m ($1.1m - $3m),$478.1m,3692.0,96.38,350000.0,0.5762998475291864
1931770,Chants of Sennaar,Focus Entertainment,Puzzle,$6.8m ($4.8m - $8.8m),$728.4m,1570.0,98.34,350000.0,0.5713809220602251
490220,Prismata,Lunarch Studios,Puzzle,$4.1k ($2.2k - $5.9k),$30.4k,121154.0,81.53999999999999,1500000.0,0.5708041941592655
221260,Little Inferno,Tomorrow Corporation,Puzzle,$4.6m ($2.7m - $6.5m),$9.5m,2060.0,96.22,750000.0,0.5704806501683347
546050,Puyo PuyoTetris,SEGA,Puzzle,$3.5m ($2.4m - $4.5m),$1.6b,1355.0,84.17,750000.0,0.5634162283485967
232790,Broken Age,Double Fine Productions,Puzzle,$4.8m ($3.3m - $6.4m),$21.4m,3134.0,83.24,350000.0,0.5574808301514684
1062160,Poly Bridge 2,Dry Cactus,Puzzle,$7.5m ($4.4m - $10.5m),$12.7m,1852.0,95.23,350000.0,0.5574606794531624
812140,Assassin's Creed Odyssey,Ubisoft,RPG,$134.8m ($100.9m - $168.7m),$2.4b,61984.0,89.14,7500000.0,0.7932605253869203
386360,SMITE,Hi-Rez Studios,RPG,$131.6m ($90.1m - $173.2m),$199.7m,31169.0,79.63,15000000.0,0.7669695152136173
234140,Mad Max,Warner Bros. Games,RPG,$52.7m ($37.6m - $67.8m),$882.3m,33356.0,91.76,3500000.0,0.7416630697120767
2322010,God of War Ragnarök,PlayStation Publishing LLC,RPG,$46.3m ($31.5m - $61.2m),$1.3b,35565.0,88.32,1500000.0,0.7209872765481873
424370,Wolcen: Lords of Mayhem,WOLCEN Studio,RPG,$29m ($19.6m - $38.3m),$29m,127542.0,55.85,1500000.0,0.704921388843502
285800,Braveland,Tortuga Team,RPG,$339.5k ($154.7k - $524.3k),$1m,216331.0,80.69,7500000.0,0.7031677121967161
2680010,The First Berserker: Khazan,NEXON,RPG,$28.3m ($18.9m - $37.8m),$184.6m,32871.0,84.33,1500000.0,0.6990296813705201
42910,Magicka,Paradox Interactive,RPG,$16.5m ($8.5m - $24.4m),$1.1b,11717.0,85.39,3500000.0,0.6869261413596921
1307550,Craftopia,Pocketpair,RPG,$22.9m ($15.9m - $30m),$438m,26449.0,77.64,1500000.0,0.6862124765840607
239160,Thief,Eidos Interactive Corp.,RPG,$19.4m ($12.1m - $26.7m),$111.3m,18247.0,75.41,1500000.0,0.6641974295906424
882100,XCOM: Chimera Squad,2K,RPG,$6.5m ($4.2m - $8.8m),$1.7b,20701.0,71.64,1500000.0,0.6601044672835872
979690,The Ascent,Curve Games,RPG,$13.4m ($9m - $17.8m),$196.4m,13930.0,75.1,1500000.0,0.6525754906994354
763890,Wildermyth,Worldwalker Games LLC,RPG,$15.4m ($9.8m - $20.9m),$15.4m,8091.0,95.0,1500000.0,0.646807716712819
601840,Griftlands,Klei Entertainment,RPG,$9.4m ($6.1m - $12.6m),$371.3m,7545.0,93.86,750000.0,0.6344170404110501
12200,Bully: Scholarship Edition,Rockstar Games,RPG,$16.4m ($11.9m - $21m),$770.8m,1978.0,84.27,3500000.0,0.6290891777989391
2634950,Tokyo Xtreme Racer,"Genki Co., Ltd.",RPG,$9.5m ($6.6m - $12.3m),$9.5m,15655.0,94.12,350000.0,0.6246596194450839
272510,NARUTO SHIPPUDEN: Ultimate Ninja STORM Revolution,BANDAI NAMCO Entertainment,RPG,$9.1m ($6.8m - $11.4m),$478.1m,6782.0,84.45,750000.0,0.6222948030689575
1244090,Sea of Stars,Sabotage Studio,RPG,$10.7m ($8.2m - $13.3m),$10.7m,8597.0,88.19,750000.0,0.6194707043167889
1898300,ASKA,Thunderful Publishing,RPG,$8.5m ($6.2m - $10.9m),$28.3m,10637.0,79.64,750000.0,0.618316821143113
22300,Fallout 3,Bethesda Softworks,RPG,$6.6m ($5m - $8.1m),$2.1b,2653.0,80.62,1500000.0,0.6065888601284989
271590,Grand Theft Auto V Legacy,Rockstar Games,Racing,$542.4m ($308.2m - $776.5m),$770.8m,360761.0,87.78,75000000.0,0.9134592720915812
1551360,Forza Horizon 5,Xbox Game Studios,Racing,$238.5m ($176.5m - $300.5m),$1.8b,80745.0,89.18,7500000.0,0.8085573458480793
646910,The Crew 2,Ubisoft,Racing,$29.5m ($19.2m - $39.8m),$2.4b,55125.0,78.77,3500000.0,0.740057460566271
1030840,Mafia: Definitive Edition,2K,Racing,$40.3m ($28.8m - $51.9m),$1.7b,36631.0,86.42,1500000.0,0.7191289020466547
1190000,Car Mechanic Simulator 2021,PlayWay S.A.,Racing,$29.4m ($17.4m - $41.4m),$275.8m,22530.0,95.96,1500000.0,0.7012565066134607
645630,Car Mechanic Simulator 2018,PlayWay S.A.,Racing,$21.2m ($14.6m - $27.9m),$275.8m,8382.0,91.38,3500000.0,0.6802722189437281
1262580,Need for Speed Payback,Electronic Arts,Racing,$9m ($6.2m - $11.8m),$4.5b,12152.0,85.77,1500000.0,0.6666640706716335
675010,MudRunner,Focus Entertainment,Racing,$22.1m ($14.8m - $29.4m),$728.4m,8509.0,91.21,1500000.0,0.6663395722294081
40990,Mafia,2K,Racing,$3.4m ($1.5m - $5.2m),$1.7b,9066.0,90.15,1500000.0,0.6436538449984373
228380,Wreckfest,THQ Nordic,Racing,$37.5m ($25.8m - $49.1m),$387.4m,3827.0,87.67,1500000.0,0.6430245214302969
690790,DiRT Rally 2.0,Codemasters,Racing,$30.4m ($19.3m - $41.5m),$43.3m,5074.0,89.26,1500000.0,0.6409169690541225
918570,Century: Age of Ashes,Playwing LTD,Racing,$4.2m ($3m - $5.5m),$4.3m,12222.0,79.51,3500000.0,0.6386974070853428
548570,RAGE 2,Bethesda Softworks,Racing,$15.5m ($11m - $19.9m),$2.1b,13591.0,63.93,750000.0,0.637346421606744
655500,MX Bikes,PiBoSo,Racing,$16.5m ($10.8m - $22.1m),$17.7m,5120.0,94.49,1500000.0,0.633720831517095
1017180,The Long Drive,Genesz,Racing,$18.5m ($12.9m - $24.2m),$18.5m,4335.0,89.98,1500000.0,0.6258984933412116
585420,Trailmakers,Flashbulb,Racing,$12.7m ($8.8m - $16.5m),$14.6m,4849.0,92.42,1500000.0,0.6253308664678918
2290180,Riders Republic,Ubisoft Entertainment,Racing,$14.7m ($9.8m - $19.6m),$55.9m,8043.0,82.3,750000.0,0.623203674408811
552100,Brick Rigs,Fluppisoft GmbH,Racing,$11.3m ($7.3m - $15.3m),$11.3m,2707.0,94.8,1500000.0,0.60686491452898
621830,WRC 7 FIA World Rally Championship,Nacon,Racing,$1.8m ($1m - $2.6m),$157.6m,11192.0,80.85,750000.0,0.605888427596913
213610,Sonic Adventure 2,SEGA,Racing,$6.8m ($4.9m - $8.7m),$1.6b,1819.0,90.02,1500000.0,0.6035915160594224
3241660,R.E.P.O.,semiwork,Roguelike,$140.6m ($88.9m - $192.3m),$142m,266908.0,96.36,15000000.0,0.8497706026733719
1145360,Hades,Supergiant Games,Roguelike,$153.1m ($110.9m - $195.4m),$259.2m,54015.0,98.14,7500000.0,0.7903354619201572
1794680,Vampire Survivors,poncle,Roguelike,$36.8m ($22.9m - $50.7m),$36.8m,77061.0,98.45,7500000.0,0.7725647353344548
646570,Slay the Spire,Mega Crit,Roguelike,$90.1m ($65.1m - $115.2m),$90.1m,32937.0,97.77,7500000.0,0.762404248944013
1313140,Cult of the Lamb,Devolver Digital,Roguelike,$64.7m ($46m - $83.4m),$501.4m,56262.0,95.61,3500000.0,0.7622806414835315
311690,Enter the Gungeon,Devolver Digital,Roguelike,$29.4m ($19.9m - $39m),$501.4m,15767.0,95.43,3500000.0,0.7112198418149396
881100,Noita,Nolla Games,Roguelike,$46.7m ($31.3m - $62.2m),$46.7m,9144.0,95.23,3500000.0,0.6907033890584269
1599600,PlateUp!,Yogscast Games,Roguelike,$25.8m ($15.1m - $36.4m),$37.9m,12406.0,94.89,1500000.0,0.671299224252871
1102190,Monster Train,Good Shepherd Entertainment,Roguelike,$20.1m ($12.2m - $27.9m),$91m,14037.0,95.99,750000.0,0.660812570334021
619820,Heroes of Hammerwatch II,Team17,Roguelike,$6.3m ($4.1m - $8.5m),$491.6m,15540.0,83.84,1500000.0,0.657678787812007
2103140,Magicraft,bilibili,Roguelike,$7.5m ($4.9m - $10m),$133.8m,18834.0,92.27,750000.0,0.6535079532176138
113200,The Binding of Isaac,Edmund McMillen,Roguelike,$8.6m ($4.8m - $12.3m),$13.1m,12295.0,94.68,1500000.0,0.6502855008555012
2218750,Halls of Torment,Chasing Carrots,Roguelike,$5.4m ($3.8m - $7m),$8.1m,26005.0,95.72,750000.0,0.6501723069730571
2066020,Soulstone Survivors,Game Smithing Limited,Roguelike,$9.8m ($6.9m - $12.7m),$9.8m,18822.0,91.29,750000.0,0.6451997380777389
2135150,Elin,Lafrontier,Roguelike,$6.7m ($4.3m - $9.1m),$6.7m,18203.0,93.4,750000.0,0.6391201394529394
2784470,9 Kings,Hooded Horse,Roguelike,$8.1m ($5.5m - $10.8m),$205m,13850.0,93.48,350000.0,0.6310610420369743
512900,Streets of Rogue,tinyBuild,Roguelike,$4.4m ($2.6m - $6.2m),$179.6m,4265.0,96.29,1500000.0,0.6205701949625844
692890,Roboquest,RyseUp Studios,Roguelike,$15.4m ($10.4m - $20.4m),$15.4m,5616.0,95.22,750000.0,0.6201803331393977
330020,Children of Morta,11 bit studios,Roguelike,$6m ($3.2m - $8.8m),$176.2m,4313.0,89.01,1500000.0,0.6180488686360045
200210,Realm of the Mad God Exalt,Deca Live Operations GmbH,Roguelike,$39.1m ($26.5m - $51.6m),$39.1m,6072.0,71.91000000000001,750000.0,0.6167765337611401
632360,Risk of Rain 2,Gearbox Publishing,Shooter,$153.9m ($102.7m - $205.1m),$259.9m,74945.0,93.65,7500000.0,0.7960691790120222
397540,Borderlands 3,2K,Shooter,$143.6m ($90.4m - $196.7m),$1.7b,93597.0,81.18,3500000.0,0.7804104055804009
1144200,Ready or Not,VOID Interactive,Shooter,$266.2m ($170.1m - $362.4m),$265.9m,55174.0,76.93,7500000.0,0.7778891300101827
444090,Paladins,Hi-Rez Studios,Shooter,$45.8m ($29.4m - $62.1m),$199.7m,60566.0,83.2,15000000.0,0.7757810166104507
1237970,Titanfall 2,Electronic Arts,Shooter,$61.6m ($40.5m - $82.7m),$4.5b,27547.0,95.52,7500000.0,0.7658341402351806
393380,Squad,Offworld,Shooter,$185.5m ($122.7m - $248.4m),$227.9m,38573.0,82.64,3500000.0,0.7495262111950453
1229490,ULTRAKILL,New Blood Interactive,Shooter,$44.9m ($27.4m - $62.5m),$67m,27835.0,97.7,7500000.0,0.745723665414974
1259420,Days Gone,PlayStation Publishing LLC,Shooter,$70.9m ($47m - $94.8m),$1.3b,27380.0,92.71,3500000.0,0.7424723889157564
1217060,Gunfire Reborn,Duoyi Games,Shooter,$54.1m ($33.4m - $74.7m),$54.5m,35002.0,93.33,3500000.0,0.7331846806113231
202970,Call of Duty: Black Ops II,Activision,Shooter,$83.4m ($44.2m - $122.6m),$1.5b,18202.0,86.23,3500000.0,0.7263032451039972
312660,Sniper Elite 4,Rebellion,Shooter,$87.9m ($58.1m - $117.7m),$225m,17294.0,91.38,3500000.0,0.7225179888194544
243470,Watch_Dogs,Ubisoft,Shooter,$39m ($23.1m - $54.8m),$2.4b,47820.0,78.71,1500000.0,0.7206601502084964
209000,Batman: Arkham Origins,Warner Bros. Interactive Entertainment,Shooter,$25.2m ($15.8m - $34.6m),$446.3m,24938.0,89.77,3500000.0,0.7170110692745129
581320,Insurgency: Sandstorm,Focus Entertainment,Shooter,$68m ($47.3m - $88.7m),$728.4m,14474.0,85.82,3500000.0,0.7127300360490039
35450,Red Orchestra 2: Heroes of Stalingrad with Rising Storm,Tripwire Interactive,Shooter,$30.9m ($17.2m - $44.6m),$237.9m,16311.0,93.56,3500000.0,0.7079269313030647
1337520,Risk of Rain Returns,Gearbox Publishing,Shooter,$13.3m ($8.7m - $18m),$259.9m,41838.0,89.75,1500000.0,0.7024202342443117
55150,"Warhammer 40,000: Space Marine - Anniversary Edition",Relic Entertainment,Shooter,$17.4m ($11.3m - $23.6m),$145.1m,12060.0,92.47,3500000.0,0.6870119872961425
550650,Black Squad,VALOFE,Shooter,$14.9m ($11.4m - $18.5m),$27.3m,15766.0,58.698,15000000.0,0.6846769681317115
1139900,Ghostrunner,505 Games,Shooter,$50.7m ($32.2m - $69.1m),$293.6m,5033.0,91.82,3500000.0,0.6778589805707587
504370,Battlerite,Stunlock Studios,Shooter,$648.5k ($471.5k - $825.4k),$106.5m,44850.0,88.01,3500000.0,0.6740754009381089
107410,Arma 3,Bohemia Interactive,Simulation,$223.6m ($161.6m - $285.6m),$619.3m,56185.0,90.63,15000000.0,0.8088042614047888
1811260,EA SPORTS FIFA 23,Electronic Arts,Simulation,$102.3m ($63.1m - $141.4m),$4.5b,110757.0,56.98,7500000.0,0.7776941684183919
219640,Chivalry: Medieval Warfare,Torn Banner Studios,Simulation,$44.8m ($28.9m - $60.7m),$54.9m,25145.0,83.25,7500000.0,0.7272075318288291
1506830,FIFA 22,Electronic Arts,Simulation,$1.9m ($1.1m - $2.8m),$4.5b,108168.0,80.94,3500000.0,0.7259299643583059
838350,The Scroll Of Taiwu,ConchShip Games,Simulation,$25.3m ($15.1m - $35.5m),$25.3m,72196.0,70.33,3500000.0,0.7182256920438833
433340,Slime Rancher,Monomi Park,Simulation,$46.2m ($34.1m - $58.4m),$79.3m,16943.0,97.99,3500000.0,0.7146877111431343
33930,Arma 2: Operation Arrowhead,Bohemia Interactive,Simulation,$20m ($9.9m - $30m),$619.3m,18996.0,92.41,3500000.0,0.709267577771289
1665460,eFootball,KONAMI,Simulation,$60.1m ($35.5m - $84.7m),$639.8m,27475.0,30.42,15000000.0,0.7073332030663788
1290000,PowerWash Simulator,Square Enix,Simulation,$43.1m ($27.5m - $58.8m),$1b,14178.0,96.93,1500000.0,0.6989590467118099
246620,Plague Inc: Evolved,Ndemic Creations,Simulation,$38.2m ($23.9m - $52.4m),$44.2m,17889.0,94.43,1500000.0,0.688542454653988
1465360,SnowRunner,Focus Entertainment,Simulation,$42.2m ($27.5m - $56.9m),$728.4m,11142.0,90.46,1500000.0,0.683345439003108
753640,Outer Wilds,Annapurna Interactive,Simulation,$42.3m ($31.2m - $53.3m),$188.4m,7936.0,95.56,1500000.0,0.6721877077356065
2709570,Supermarket Together,DeadDevsTellNoLies,Simulation,$2.4m ($1.3m - $3.5m),$2.4m,47731.0,79.839,3500000.0,0.6705986922460286
3059520,F1 25,Electronic Arts,Simulation,$34.4m ($23.7m - $45.1m),$4.5b,22492.0,88.4,150000.0,0.6562577307568936
1113120,IXION,Kasedo Games,Simulation,$11m ($7.6m - $14.4m),$25.8m,17143.0,77.63,1500000.0,0.6499774624464046
606150,Moonlighter,11 bit studios,Simulation,$5.4m ($3.4m - $7.4m),$176.2m,6158.0,82.51,3500000.0,0.6400259310468176
262280,Dungeons 2,Kalypso Media Digital,Simulation,$7.7m ($3.9m - $11.5m),$47.6m,11691.0,79.06,1500000.0,0.6369891958149545
1331550,Big Ambitions,Hovgaard Games,Simulation,$12.1m ($8.1m - $16m),$15.6m,10873.0,92.98,750000.0,0.6349500707115828
1227890,Summer Memories,Kagura Games,Simulation,$14.1m ($8.4m - $19.7m),$63.4m,5051.0,92.83,1500000.0,0.6348159838366361
2140020,Stronghold: Definitive Edition,Firefly Studios,Simulation,$5.8m ($3.7m - $8m),$45.4m,9555.0,86.2,750000.0,0.618034765228854
359550,Tom Clancy's Rainbow Six Siege,Ubisoft,Sports,$556.5m ($304.2m - $808.7m),$2.4b,200476.0,83.36,35000000.0,0.8789812783781549
291550,Brawlhalla,Ubisoft,Sports,$108.7m ($75.3m - $142.1m),$2.4b,34169.0,84.73,35000000.0,0.8017895487253375
1049590,Eternal Return,Nimble Neuron,Sports,$80.6m ($53.6m - $107.5m),$80.6m,52288.0,73.017,7500000.0,0.749817981988896
518790,theHunter: Call of the Wild,Avalanche Studios,Sports,$73.8m ($49.3m - $98.4m),$115.2m,24953.0,89.21,7500000.0,0.7433756933500761
431240,Golf With Your Friends,Team17,Sports,$34.9m ($21.4m - $48.4m),$491.6m,20592.0,89.03,3500000.0,0.715486110408327
2878980,NBA 2K25,2K,Sports,$49m ($32.1m - $65.9m),$1.7b,56395.0,60.51,1500000.0,0.7093721384704108
207140,SpeedRunners,tinyBuild,Sports,$15.3m ($7.8m - $22.8m),$179.6m,17131.0,94.65,3500000.0,0.6991140424800815
310950,Street Fighter V,"CAPCOM Co., Ltd.",Sports,$45.9m ($28.6m - $63.1m),$1.8b,13807.0,72.25,3500000.0,0.695828172185516
677620,Splitgate: Arena Warfare,1047 Games,Sports,$902.5k ($666.6k - $1.1m),$2.8m,67724.0,84.58200000000001,7500000.0,0.6897132635887177
1846380,Need for Speed Unbound,Electronic Arts,Sports,$26.4m ($19.7m - $33m),$4.5b,14053.0,61.64,1500000.0,0.6626315608144562
2488620,F1 24,Electronic Arts,Sports,$26.5m ($18m - $35m),$4.5b,13327.0,74.39,750000.0,0.658284407711757
282440,Quake Live,Bethesda Softworks,Sports,$3.9m ($2.2m - $5.5m),$2.1b,6154.0,88.21,3500000.0,0.6516001122724491
471710,Rec Room,Rec Room,Sports,$11.8m ($8.6m - $15.1m),$11.8m,7091.0,88.36200000000001,3500000.0,0.650048312793433
1692250,F1 22,Electronic Arts,Sports,$5.2m ($3.2m - $7.2m),$4.5b,23763.0,68.92,750000.0,0.6470398665232779
960170,DJMAX RESPECT V,NEOWIZ,Sports,$15.6m ($9.1m - $22m),$124.1m,5242.0,88.68,1500000.0,0.636153186795478
212480,Sonic & All-Stars Racing Transformed Collection,SEGA,Sports,$11.7m ($6.5m - $16.8m),$1.6b,5849.0,93.54,750000.0,0.6356481460355113
571740,Golf It!,Perfuse Entertainment,Sports,$18.5m ($11.9m - $25.1m),$18.5m,2826.0,90.75,1500000.0,0.6134179864285221
2315690,WWE 2K24,2K,Sports,$9.8m ($7.3m - $12.3m),$1.7b,8721.0,75.89,350000.0,0.6109332423992708
586140,BlazBlue Centralfiction,"H2 Interactive Co., Ltd.",Sports,$9.5m ($6.4m - $12.5m),$16.2m,4733.0,94.22,750000.0,0.6070718910027052
2157560,Granblue Fantasy Versus: Rising,"Cygames, Inc.",Sports,$9.3m ($6m - $12.5m),$209.9m,7029.0,83.04,350000.0,0.6016968064660154
728880,Overcooked! 2,Team17,Strategy,$101.2m ($58.7m - $143.7m),$491.6m,15004.0,90.85,3500000.0,0.7229825618096914
1044720,Farthest Frontier,Crate Entertainment,Strategy,$27.4m ($18.3m - $36.5m),$68m,24874.0,86.77,1500000.0,0.6880911890739267
244160,Homeworld Remastered Collection,Gearbox Publishing,Strategy,$18.4m ($12.9m - $24m),$259.9m,17778.0,88.07,1500000.0,0.6789414084111804
313160,Farming Simulator 15,Giants Software,Strategy,$13m ($9.1m - $16.9m),$179.6m,18658.0,92.21,1500000.0,0.677952924117821
1874880,Arma Reforger,Bohemia Interactive,Strategy,$47.6m ($34.9m - $60.2m),$619.3m,22789.0,78.24,350000.0,0.6617021585487006
400750,Call to Arms - Gates of Hell: Ostfront,Digitalmindsoft,Strategy,$14.7m ($9.9m - $19.5m),$24.2m,8889.0,84.69,1500000.0,0.6406483202715912
1222690,Dragon Age Inquisition,Electronic Arts,Strategy,$11.6m ($7.6m - $15.7m),$4.5b,4937.0,76.02,1500000.0,0.6326797193420065
718850,Age of Wonders: Planetfall,Paradox Interactive,Strategy,$17.5m ($10.6m - $24.3m),$1.1b,10346.0,80.06,350000.0,0.6269722759210796
102600,Orcs Must Die!,Robot Entertainment,Strategy,$1.7m ($1m - $2.4m),$25.8m,4548.0,95.79,1500000.0,0.5999204528238142
551170,Onmyoji,NetEase Games,Strategy,$6.7m ($3.8m - $9.5m),$310.1m,4965.0,67.581,750000.0,0.5894220431040849
300550,Shadowrun: Dragonfall - Director's Cut,Paradox Interactive,Strategy,$2.8m ($1.6m - $4m),$1.1b,2665.0,89.33,750000.0,0.5846832786617175
2067920,Rogue: Genesia,Ouadi Huard,Strategy,$3.5m ($2.3m - $4.6m),$3.5m,8490.0,91.18,350000.0,0.5839605379402931
1656780,Hero's Hour,Goblinz Publishing,Strategy,$5m ($3.1m - $6.9m),$29.1m,4170.0,79.57,750000.0,0.5816423543347763
287980,Mini Metro,Dinosaur Polo Club,Strategy,$7.8m ($5.2m - $10.4m),$18.4m,2101.0,95.93,750000.0,0.5813102017815932
1879330,WARRIORS OROCHI 3 Ultimate Definitive Edition,"KOEI TECMO GAMES CO., LTD.",Strategy,$4.6m ($2.4m - $6.7m),$424.5m,2969.0,89.16,350000.0,0.5739155620171448
814370,Monster Sanctuary,Team17,Strategy,$5.7m ($3.7m - $7.6m),$491.6m,1376.0,91.65,750000.0,0.5734261103795506
604540,Empire of Sin,Paradox Interactive,Strategy,$6.1m ($4.2m - $8m),$1.1b,7728.0,49.38,350000.0,0.5718617800443064
1473350,(the) Gnorp Apologue,(Myco),Strategy,$2.7m ($1.8m - $3.5m),$2.7m,5395.0,95.73,350000.0,0.569589812617901
1434950,HighFleet,MicroProse Software,Strategy,$4.9m ($3.4m - $6.4m),$43.7m,1683.0,88.39,750000.0,0.5638292106871041
732690,FIVE NIGHTS AT FREDDY'S: HELP WANTED,ScottGames,Strategy,$10.4m ($7.3m - $13.5m),$44.7m,844.0,96.03,750000.0,0.5611609757899433
648800,Raft,Axolot Games,Survival,$233.9m ($164.7m - $303.2m),$276.7m,100474.0,93.28,15000000.0,0.8266724306531816
2622380,ELDEN RING NIGHTREIGN,"FromSoftware, Inc.",Survival,$120.7m ($77.8m - $163.6m),$1.3b,240640.0,83.46,3500000.0,0.8082767513577075
232090,Killing Floor 2,Tripwire Interactive,Survival,$92.1m ($62.9m - $121.4m),$237.9m,69246.0,88.97,3500000.0,0.7640005817362879
617290,Remnant: From the Ashes,Arc Games,Survival,$64.6m ($45.1m - $84.2m),$330.6m,48194.0,85.06,3500000.0,0.7451055454784026
1304930,The Outlast Trials,Red Barrels,Survival,$78.3m ($52.3m - $104.4m),$137.7m,36332.0,93.12,3500000.0,0.7434754307940741
1943950,Escape the Backrooms,Secret Mode,Survival,$44.4m ($30.1m - $58.7m),$74.5m,48097.0,91.02,3500000.0,0.7391816068877864
323190,Frostpunk,11 bit studios,Survival,$74.3m ($50.3m - $98.3m),$176.2m,29195.0,92.64,3500000.0,0.7365122048231644
952060,Resident Evil 3,"CAPCOM Co., Ltd.",Survival,$37.2m ($23.9m - $50.6m),$1.8b,32635.0,82.68,3500000.0,0.7298751943428865
219740,Don't Starve,Klei Entertainment,Survival,$31.3m ($19m - $43.5m),$371.3m,16556.0,96.55,3500000.0,0.7134790633081669
644930,They Are Billions,Numantian Games,Survival,$44.5m ($32.6m - $56.4m),$44.9m,22295.0,85.06,3500000.0,0.7072522749243575
214490,Alien: Isolation,SEGA,Survival,$40.5m ($25.1m - $55.9m),$1.6b,10761.0,92.9,3500000.0,0.7064776603758165
1527950,Wartales,Shiro Games,Survival,$30.8m ($21.7m - $39.8m),$90.7m,35769.0,88.65,1500000.0,0.7041640981858779
305620,The Long Dark,Hinterland Studio Inc.,Survival,$52.8m ($37.4m - $68.1m),$52.6m,14411.0,90.88,3500000.0,0.7027308714728876
233860,Kenshi,Lo-Fi Games,Survival,$54.7m ($37.9m - $71.5m),$54.7m,11572.0,95.47,3500000.0,0.701215647753266
701160,Kingdom Two Crowns,Raw Fury,Survival,$7.3m ($3.8m - $10.7m),$99.5m,26314.0,90.75,3500000.0,0.6952133305942929
1149460,ICARUS,RocketWerkz,Survival,$42.6m ($30.6m - $54.6m),$49.8m,52305.0,73.81,750000.0,0.6876760373828645
368230,Kingdom: Classic,Raw Fury,Survival,0,$99.5m,63740.0,88.89,3500000.0,0.6852909164153533
1475810,Ghostwire: Tokyo,Bethesda Softworks,Survival,$22.9m ($14.6m - $31.1m),$2.1b,14082.0,83.69,1500000.0,0.6794616628354456
394510,HELLDIVERS Dive Harder Edition,PlayStation Publishing LLC,Survival,$18.9m ($12.5m - $25.3m),$1.3b,6691.0,90.9,3500000.0,0.6777818258787689
747660,Five Nights at Freddy's: Security Breach,ScottGames,Survival,$25.4m ($15.3m - $35.5m),$44.7m,17031.0,86.75,1500000.0,0.6734370512101293
251570,7 Days to Die,The Fun Pimps Entertainment LLC,Tower Defense,$169.3m ($113.7m - $224.8m),$169.1m,124449.0,87.41,15000000.0,0.8206104468151051
960090,Bloons TD 6,Ninja Kiwi,Tower Defense,$54m ($39.9m - $68m),$64.7m,53891.0,97.28,3500000.0,0.7512215980098862
3590,Plants vs. Zombies GOTY Edition,"PopCap Games, Inc.",Tower Defense,$22m ($14.9m - $29m),$29m,16225.0,97.66,3500000.0,0.6979185774206258
65800,Dungeon Defenders,Chromatic Games,Tower Defense,$16.2m ($8.6m - $23.9m),$43.2m,12467.0,93.25,3500000.0,0.6825936255269262
780310,The Riftbreaker,EXOR Studios,Tower Defense,$19.3m ($12.5m - $26m),$19.9m,21506.0,90.71,1500000.0,0.6771738191452318
236110,Dungeon Defenders II,Chromatic Games,Tower Defense,$21.7m ($15.8m - $27.6m),$43.2m,18744.0,67.91,3500000.0,0.6740814212426497
210770,Sanctum 2,Coffee Stain Publishing,Tower Defense,$3.1m ($1.5m - $4.7m),$592.7m,13560.0,92.61,3500000.0,0.6717274064724986
201790,Orcs Must Die! 2,Robot Entertainment,Tower Defense,$4.7m ($992k - $8.4m),$25.8m,15806.0,92.46,3500000.0,0.6689522133993845
1637320,Dome Keeper,Raw Fury,Tower Defense,$13.5m ($8.4m - $18.5m),$99.5m,6487.0,92.44,3500000.0,0.6624662214340544
469600,Legion TD 2 - Multiplayer Tower Defense,AutoAttack Games,Tower Defense,$10.1m ($7.5m - $12.6m),$10.1m,5751.0,86.68,1500000.0,0.619953740406006
1262240,Plants vs. Zombies: Battle for Neighborville,Electronic Arts,Tower Defense,$9.5m ($6.1m - $12.9m),$4.5b,3966.0,71.77,1500000.0,0.6187327819136739
1202130,Starship Troopers: Terran Command,Slitherine Ltd.,Tower Defense,$9.5m ($6.5m - $12.5m),$97.4m,8089.0,88.18,350000.0,0.6082201983348487
489520,Minion Masters,BetaDwarf,Tower Defense,$5.9m ($3.7m - $8.2m),$7.4m,10160.0,79.81,750000.0,0.6060116069104925
1367550,Kingdom Rush Vengeance - Tower Defense,Ironhide Game Studio,Tower Defense,$8.7m ($5.5m - $11.8m),$28.7m,4085.0,94.45,750000.0,0.6039119578937178
1566690,Outpost: Infinity Siege,Lightning Games,Tower Defense,$5.5m ($3.4m - $7.5m),$85.3m,17128.0,65.97,350000.0,0.60068695949679
496300,Kingdom: New Lands,Raw Fury,Tower Defense,$3.6m ($2.3m - $5m),$99.5m,3495.0,86.48,1500000.0,0.59912395831209
246420,Kingdom Rush  - Tower Defense,Ironhide Game Studio,Tower Defense,$4m ($2.9m - $5.2m),$28.7m,1950.0,97.57,1500000.0,0.5883743055475745
248390,Craft The World,Dekovir Ltd,Tower Defense,$6.9m ($5m - $8.9m),$6.9m,3243.0,88.74,750000.0,0.5815644045205434
2187290,Wall World,Alawar,Tower Defense,$2m ($1.3m - $2.6m),$13.3m,4566.0,91.53,750000.0,0.5797616515291196
1843760,Rogue Tower,Die of Death Games,Tower Defense,$4.8m ($3.2m - $6.5m),$4.8m,4276.0,82.64,750000.0,0.5771845145039249
1669980,Volcano Princess,养蛋人 Egg Hatcher,Visual Novel,$11.8m ($8m - $15.7m),$11.8m,30515.0,97.83,1500000.0,0.6857567434476718
626690,Sword Art Online: Fatal Bullet,BANDAI NAMCO Entertainment,Visual Novel,$20.3m ($12.8m - $27.8m),$478.1m,21727.0,79.26,1500000.0,0.6803660521844672
1449690,The Walking Dead: The Telltale Definitive Series,Skybound Games,Visual Novel,$15.5m ($10.2m - $20.9m),$81.1m,7754.0,96.37,750000.0,0.6385354541641763
459820,Crush Crush,Sad Panda Studios,Visual Novel,$26.4m ($16.3m - $36.4m),$35.4m,4508.0,89.18,1500000.0,0.6342589279156862
567640,Danganronpa V3: Killing Harmony,"Spike Chunsoft Co., Ltd.",Visual Novel,$15.9m ($10.1m - $21.7m),$94.5m,4667.0,83.56,1500000.0,0.6265328121113498
1451940,NEEDY STREAMER OVERLOAD,WSS playground,Visual Novel,$16.3m ($11.4m - $21.2m),$24.7m,3627.0,94.75,1500000.0,0.6245527705770947
973760,Thronebreaker: The Witcher Tales,CD PROJEKT RED,Visual Novel,$10.9m ($7.4m - $14.4m),$1.1b,3352.0,89.89,750000.0,0.6121111396498105
2593370,The Hungry Lamb: Traveling in the Late Ming Dynasty,零创游戏(ZerocreationGame),Visual Novel,$5.3m ($3.4m - $7.2m),$5.9m,4925.0,95.16,1500000.0,0.6119707036429561
412830,STEINS;GATE,"Spike Chunsoft Co., Ltd.",Visual Novel,$9.7m ($6.3m - $13.2m),$94.5m,3507.0,97.11,750000.0,0.6085385989334986
2786680,"Knowledge, or know Lady",蒸汽满满工作室,Visual Novel,$2.5m ($1.5m - $3.5m),$2.5m,14963.0,95.32,350000.0,0.5993317074726595
1880330,Sanfu,Gamirror Games,Visual Novel,$2.5m ($1.5m - $3.4m),$118.8m,7558.0,82.83,750000.0,0.5992770159737446
994730,Banner of the Maid,2P Games,Visual Novel,$3.3m ($2.1m - $4.4m),$43.1m,3737.0,86.79,750000.0,0.5811228162669477
2378900,The Coffin of Andy and Leyley,Kit9 Studio,Visual Novel,$3.8m ($2.4m - $5.1m),$3.8m,3097.0,96.4,750000.0,0.5765857021435209
2401970,Ace Attorney Investigations Collection,"CAPCOM Co., Ltd.",Visual Novel,$3.3m ($2m - $4.5m),$1.8b,4419.0,96.72,150000.0,0.5761757635007807
498240,Batman - The Telltale Series,Telltale,Visual Novel,$6.8m ($4.8m - $8.7m),$25.7m,2115.0,86.7,750000.0,0.5717016269882921
1207650,Suzerain,Torpor Games,Visual Novel,$2.5m ($1.3m - $3.7m),$2.5m,3333.0,92.89,750000.0,0.567460785525783
675260,Batman: The Enemy Within - The Telltale Series,Telltale,Visual Novel,$2.6m ($1.8m - $3.4m),$25.7m,2024.0,91.89,750000.0,0.5615613935795905
821880,Idol Manager,PLAYISM,Visual Novel,$2.2m ($1.4m - $2.9m),$86.3m,2920.0,87.51,350000.0,0.5541979411368297
743450,Monster Prom,Xelu,Visual Novel,$3.4m ($2.2m - $4.6m),$3.9m,1510.0,93.38,750000.0,0.5498082274946804
251990,Long Live The Queen,Hanako Games,Visual Novel,$2.1m ($1.6m - $2.7m),$3.5m,2575.0,94.87,350000.0,0.5432762218794646
